"Date","Price","Open","High","Low","Change %"
"Oct 18, 2021","7.5750","7.5155","7.6102","7.4900","0.79%"
"Oct 17, 2021","7.5157","7.5127","7.5179","7.5072","0.08%"
"Oct 15, 2021","7.5094","7.5392","7.5866","7.4728","-0.38%"
"Oct 14, 2021","7.5382","7.5300","7.5736","7.4925","0.10%"
"Oct 13, 2021","7.5306","7.5182","7.6120","7.4971","0.20%"
"Oct 12, 2021","7.5159","7.5300","7.5512","7.5113","-0.15%"
"Oct 11, 2021","7.5271","7.4971","7.5382","7.4882","0.35%"
"Oct 08, 2021","7.5006","7.5160","7.5443","7.4682","-0.19%"
"Oct 07, 2021","7.5149","7.4613","7.5310","7.4366","0.78%"
"Oct 06, 2021","7.4570","7.4639","7.5128","7.4178","-0.06%"
"Oct 05, 2021","7.4616","7.4241","7.4767","7.3912","0.53%"
"Oct 04, 2021","7.4222","7.2667","7.4288","7.2585","2.17%"
"Oct 01, 2021","7.2646","7.3333","7.3717","7.2568","-0.93%"
"Sep 30, 2021","7.3325","7.2701","7.3781","7.2289","0.88%"
"Sep 29, 2021","7.2683","7.3492","7.3595","7.2459","-1.08%"
"Sep 28, 2021","7.3480","7.3853","7.3970","7.3026","-0.49%"
"Sep 27, 2021","7.3841","7.3032","7.3920","7.2670","1.24%"
"Sep 24, 2021","7.2937","7.2766","7.3233","7.2501","0.28%"
"Sep 23, 2021","7.2736","7.2079","7.2998","7.1995","0.94%"
"Sep 22, 2021","7.2060","7.2003","7.2463","7.1613","0.11%"
"Sep 21, 2021","7.1982","7.2730","7.2922","7.1894","-0.99%"
"Sep 20, 2021","7.2704","7.2701","7.3373","7.2172","0.04%"
"Sep 17, 2021","7.2672","7.2488","7.3653","7.2413","0.33%"
"Sep 16, 2021","7.2435","7.2287","7.2794","7.2112","0.26%"
"Sep 15, 2021","7.2250","7.2344","7.2937","7.2172","-0.12%"
"Sep 14, 2021","7.2340","7.2144","7.2862","7.2115","0.27%"
"Sep 13, 2021","7.2146","7.2626","7.2809","7.1980","-0.61%"
"Sep 10, 2021","7.2591","7.1932","7.2933","7.1701","0.95%"
"Sep 09, 2021","7.1909","7.3288","7.3760","7.1881","-1.85%"
"Sep 08, 2021","7.3265","7.1272","7.3474","7.1098","2.81%"
"Sep 07, 2021","7.1263","7.1543","7.1655","7.1186","-0.35%"
"Sep 06, 2021","7.1512","7.1981","7.2130","7.1257","-0.64%"
"Sep 03, 2021","7.1970","7.1705","7.2105","7.1031","0.43%"
"Sep 02, 2021","7.1660","7.1448","7.1883","7.1139","0.38%"
"Sep 01, 2021","7.1386","7.0839","7.1571","7.0723","0.80%"
"Aug 31, 2021","7.0822","7.1355","7.1642","7.0378","-0.70%"
"Aug 30, 2021","7.1321","7.1550","7.1920","7.1292","-0.35%"
"Aug 27, 2021","7.1572","7.1959","7.2204","7.1410","-0.53%"
"Aug 26, 2021","7.1950","7.1736","7.2167","7.1554","0.34%"
"Aug 25, 2021","7.1708","7.2035","7.2292","7.1627","-0.43%"
"Aug 24, 2021","7.2016","7.3818","7.3988","7.2003","-2.42%"
"Aug 23, 2021","7.3800","7.3319","7.4090","7.3163","0.76%"
"Aug 20, 2021","7.3240","7.3881","7.4549","7.3101","-0.81%"
"Aug 19, 2021","7.3839","7.4019","7.4633","7.3422","-0.21%"
"Aug 18, 2021","7.3994","7.2773","7.4247","7.2448","1.72%"
"Aug 17, 2021","7.2740","7.2867","7.2927","7.1965","-0.14%"
"Aug 16, 2021","7.2844","7.2571","7.3444","7.2397","0.15%"
"Aug 13, 2021","7.2734","7.2524","7.3110","7.2316","0.30%"
"Aug 12, 2021","7.2520","7.2414","7.2689","7.1949","0.18%"
"Aug 11, 2021","7.2391","7.1853","7.2552","7.1619","0.77%"
"Aug 10, 2021","7.1838","7.2483","7.2923","7.1720","-0.84%"
"Aug 09, 2021","7.2447","7.2614","7.3447","7.2236","-0.14%"
"Aug 06, 2021","7.2547","7.3120","7.3358","7.2263","-0.76%"
"Aug 05, 2021","7.3105","7.1807","7.3239","7.1116","1.85%"
"Aug 04, 2021","7.1778","7.2338","7.2941","7.1770","-0.73%"
"Aug 03, 2021","7.2307","7.1859","7.3268","7.1835","0.66%"
"Aug 02, 2021","7.1830","7.2468","7.2638","7.1044","-0.86%"
"Jul 30, 2021","7.2456","7.0951","7.2676","7.0812","2.14%"
"Jul 29, 2021","7.0939","7.1127","7.1483","7.0380","-0.26%"
"Jul 28, 2021","7.1126","7.1761","7.1982","7.0976","-0.82%"
"Jul 27, 2021","7.1715","7.1528","7.2029","7.1265","0.30%"
"Jul 26, 2021","7.1503","7.1543","7.2071","7.1226","0.05%"
"Jul 23, 2021","7.1469","7.1606","7.1973","7.0972","-0.14%"
"Jul 22, 2021","7.1572","7.1154","7.1858","7.1034","0.64%"
"Jul 21, 2021","7.1119","7.1164","7.2207","7.0963","-0.02%"
"Jul 20, 2021","7.1135","7.1826","7.1908","7.0754","-0.93%"
"Jul 19, 2021","7.1804","7.0526","7.1884","7.0084","1.98%"
"Jul 16, 2021","7.0409","7.0696","7.0862","6.9920","-0.36%"
"Jul 15, 2021","7.0661","7.0282","7.1020","7.0054","0.56%"
"Jul 14, 2021","7.0268","7.1332","7.1660","7.0248","-1.45%"
"Jul 13, 2021","7.1300","7.1839","7.2111","7.1266","-0.70%"
"Jul 12, 2021","7.1801","7.3123","7.3201","7.1656","-1.75%"
"Jul 09, 2021","7.3080","7.2523","7.3159","7.2351","0.83%"
"Jul 08, 2021","7.2480","7.2214","7.3205","7.1858","0.39%"
"Jul 07, 2021","7.2195","7.1747","7.2852","7.1525","0.66%"
"Jul 06, 2021","7.1724","7.0577","7.2013","7.0346","1.76%"
"Jul 05, 2021","7.0485","6.9925","7.0633","6.9901","0.84%"
"Jul 02, 2021","6.9900","6.9512","7.0054","6.8741","0.60%"
"Jul 01, 2021","6.9485","6.8724","6.9563","6.8347","1.14%"
"Jun 30, 2021","6.8701","6.8597","6.9394","6.8478","0.20%"
"Jun 29, 2021","6.8565","6.8400","6.8713","6.8087","0.29%"
"Jun 28, 2021","6.8365","6.8517","6.9068","6.8232","-0.14%"
"Jun 25, 2021","6.8462","6.8430","6.9038","6.8043","0.07%"
"Jun 24, 2021","6.8417","6.9360","6.9508","6.8225","-1.32%"
"Jun 23, 2021","6.9330","6.9167","6.9620","6.9011","0.27%"
"Jun 22, 2021","6.9141","6.9857","7.0098","6.9131","-1.02%"
"Jun 21, 2021","6.9853","7.0307","7.0701","6.9844","-0.61%"
"Jun 18, 2021","7.0280","6.9710","7.0500","6.8983","0.86%"
"Jun 17, 2021","6.9681","7.0718","7.0826","6.9699","-1.44%"
"Jun 16, 2021","7.0697","7.1061","7.1382","7.0417","-0.47%"
"Jun 15, 2021","7.1030","7.1438","7.1885","7.0939","-0.51%"
"Jun 14, 2021","7.1393","7.2222","7.2227","7.1338","-1.09%"
"Jun 11, 2021","7.2182","7.1680","7.2555","7.1496","0.75%"
"Jun 10, 2021","7.1647","7.1495","7.2108","7.1034","0.25%"
"Jun 09, 2021","7.1467","7.1277","7.1806","7.1007","0.33%"
"Jun 08, 2021","7.1235","7.1570","7.1627","7.1017","-0.41%"
"Jun 07, 2021","7.1529","7.1410","7.1862","7.1139","0.08%"
"Jun 04, 2021","7.1471","7.1627","7.2307","7.1245","-0.20%"
"Jun 03, 2021","7.1613","7.1932","7.2098","7.1540","-0.41%"
"Jun 02, 2021","7.1908","7.2909","7.3287","7.1828","-1.31%"
"Jun 01, 2021","7.2865","7.4168","7.4359","7.2734","-1.71%"
"May 31, 2021","7.4131","7.4093","7.4798","7.3689","0.01%"
"May 28, 2021","7.4124","7.4429","7.4572","7.3871","-0.36%"
"May 27, 2021","7.4389","7.5006","7.5368","7.4345","-0.80%"
"May 26, 2021","7.4988","7.5465","7.5587","7.4686","-0.60%"
"May 25, 2021","7.5442","7.5321","7.5638","7.4875","0.19%"
"May 24, 2021","7.5298","7.5939","7.6012","7.5163","-0.73%"
"May 21, 2021","7.5852","7.4991","7.6003","7.4802","1.20%"
"May 20, 2021","7.4953","7.4957","7.5104","7.4602","0.04%"
"May 19, 2021","7.4920","7.4647","7.5174","7.4412","0.40%"
"May 18, 2021","7.4625","7.4515","7.4992","7.4198","0.13%"
"May 17, 2021","7.4527","7.4299","7.5065","7.4116","0.27%"
"May 14, 2021","7.4325","7.4602","7.4785","7.3920","-0.36%"
"May 13, 2021","7.4591","7.4547","7.4781","7.3818","0.04%"
"May 12, 2021","7.4561","7.3847","7.4766","7.3516","1.01%"
"May 11, 2021","7.3816","7.3809","7.4724","7.3623","0.01%"
"May 10, 2021","7.3808","7.3170","7.4264","7.3160","0.87%"
"May 07, 2021","7.3169","7.3312","7.3584","7.2726","-0.17%"
"May 06, 2021","7.3292","7.4493","7.4741","7.2969","-1.54%"
"May 05, 2021","7.4439","7.5554","7.5830","7.4419","-1.51%"
"May 04, 2021","7.5583","7.5673","7.5965","7.5128","-0.15%"
"May 03, 2021","7.5693","7.5175","7.5802","7.4769","0.79%"
"Apr 30, 2021","7.5101","7.4419","7.5257","7.4047","0.94%"
"Apr 29, 2021","7.4405","7.4476","7.5054","7.4297","-0.05%"
"Apr 28, 2021","7.4439","7.5869","7.5869","7.4447","-1.85%"
"Apr 27, 2021","7.5841","7.5570","7.6014","7.5269","0.39%"
"Apr 26, 2021","7.5544","7.5957","7.6272","7.5501","-0.55%"
"Apr 23, 2021","7.5962","7.5349","7.6460","7.5317","0.83%"
"Apr 22, 2021","7.5334","7.7589","7.7698","7.5249","-2.87%"
"Apr 21, 2021","7.7559","7.7628","7.7700","7.7331","-0.06%"
"Apr 20, 2021","7.7605","7.7600","7.8071","7.6787","0.06%"
"Apr 19, 2021","7.7555","7.7256","7.8422","7.7155","0.35%"
"Apr 16, 2021","7.7286","7.7417","7.8362","7.6964","-0.18%"
"Apr 15, 2021","7.7425","7.7917","7.8091","7.7190","-0.60%"
"Apr 14, 2021","7.7893","7.8615","7.8959","7.7779","-0.88%"
"Apr 13, 2021","7.8586","7.8790","7.8979","7.7838","-0.24%"
"Apr 12, 2021","7.8774","7.7913","7.8918","7.7427","1.14%"
"Apr 09, 2021","7.7885","7.6547","7.7973","7.6117","1.78%"
"Apr 08, 2021","7.6520","7.7122","7.7372","7.6102","-0.76%"
"Apr 07, 2021","7.7107","7.7301","7.7619","7.6432","-0.22%"
"Apr 06, 2021","7.7276","7.8740","7.8846","7.7021","-1.81%"
"Apr 05, 2021","7.8701","7.8924","7.9184","7.8214","-0.30%"
"Apr 02, 2021","7.8940","7.8970","7.9090","7.8847","0.01%"
"Apr 01, 2021","7.8929","7.7635","7.9238","7.7310","1.72%"
"Mar 31, 2021","7.7596","7.9356","7.9644","7.7485","-2.19%"
"Mar 30, 2021","7.9336","7.9566","7.9707","7.8475","-0.24%"
"Mar 29, 2021","7.9526","7.9390","8.0209","7.9001","0.22%"
"Mar 26, 2021","7.9355","7.7550","7.9441","7.7546","2.33%"
"Mar 25, 2021","7.7551","7.6940","7.8097","7.6841","0.83%"
"Mar 24, 2021","7.6911","7.5933","7.7247","7.5275","1.31%"
"Mar 23, 2021","7.5919","7.6350","7.6532","7.5206","-0.54%"
"Mar 22, 2021","7.6328","7.6115","7.6824","7.5845","0.21%"
"Mar 19, 2021","7.6170","7.7439","7.7621","7.5599","-1.59%"
"Mar 18, 2021","7.7401","7.8007","7.8200","7.6363","-0.71%"
"Mar 17, 2021","7.7958","7.8136","7.8946","7.7754","-0.22%"
"Mar 16, 2021","7.8126","7.8060","7.8186","7.7164","0.14%"
"Mar 15, 2021","7.8018","7.7284","7.8538","7.7030","0.94%"
"Mar 12, 2021","7.7292","7.7449","7.7696","7.6784","-0.20%"
"Mar 11, 2021","7.7444","7.9026","7.9214","7.7252","-1.98%"
"Mar 10, 2021","7.9005","8.0617","8.0744","7.8619","-2.00%"
"Mar 09, 2021","8.0614","8.1242","8.1682","8.0108","-0.75%"
"Mar 08, 2021","8.1223","7.8747","8.1239","7.8534","3.12%"
"Mar 05, 2021","7.8766","7.8786","7.8965","7.8171","-0.00%"
"Mar 04, 2021","7.8769","7.8419","7.9046","7.7577","0.46%"
"Mar 03, 2021","7.8406","7.9202","8.0746","7.7893","-1.00%"
"Mar 02, 2021","7.9199","7.8561","7.9879","7.8191","0.85%"
"Mar 01, 2021","7.8528","7.8042","7.8590","7.7361","0.68%"
"Feb 26, 2021","7.8000","7.7517","7.8249","7.6515","0.64%"
"Feb 25, 2021","7.7503","7.6423","7.7916","7.6347","1.39%"
"Feb 24, 2021","7.6438","7.6775","7.7466","7.6167","-0.43%"
"Feb 23, 2021","7.6771","7.6880","7.7140","7.6329","-0.12%"
"Feb 22, 2021","7.6861","7.5437","7.7689","7.5248","1.90%"
"Feb 19, 2021","7.5428","7.5848","7.6552","7.5202","-0.52%"
"Feb 18, 2021","7.5821","7.4966","7.6157","7.4879","1.19%"
"Feb 17, 2021","7.4930","7.4686","7.5226","7.4310","0.39%"
"Feb 16, 2021","7.4636","7.4661","7.4927","7.4475","-0.03%"
"Feb 15, 2021","7.4656","7.4355","7.4752","7.4355","0.45%"
"Feb 12, 2021","7.4323","7.4152","7.4653","7.3924","0.26%"
"Feb 11, 2021","7.4133","7.4503","7.4740","7.3802","-0.46%"
"Feb 10, 2021","7.4478","7.4308","7.5219","7.4056","0.25%"
"Feb 09, 2021","7.4293","7.3731","7.5100","7.3703","0.79%"
"Feb 08, 2021","7.3714","7.3734","7.4198","7.2859","-0.05%"
"Feb 05, 2021","7.3752","7.4201","7.4724","7.3367","-0.58%"
"Feb 04, 2021","7.4182","7.3060","7.4565","7.2642","1.56%"
"Feb 03, 2021","7.3042","7.3355","7.3610","7.2567","-0.43%"
"Feb 02, 2021","7.3354","7.4231","7.4489","7.2896","-1.15%"
"Feb 01, 2021","7.4209","7.4914","7.5166","7.4169","-0.83%"
"Jan 29, 2021","7.4831","7.4658","7.5554","7.4298","0.25%"
"Jan 28, 2021","7.4645","7.4107","7.4917","7.3781","0.76%"
"Jan 27, 2021","7.4082","7.3562","7.4277","7.3347","0.70%"
"Jan 26, 2021","7.3564","7.4756","7.4939","7.2957","-1.59%"
"Jan 25, 2021","7.4749","7.4787","7.5033","7.4615","-0.07%"
"Jan 22, 2021","7.4805","7.3486","7.5115","7.3048","1.81%"
"Jan 21, 2021","7.3474","7.2259","7.4076","7.1778","1.70%"
"Jan 20, 2021","7.2248","7.3028","7.3510","7.2076","-1.05%"
"Jan 19, 2021","7.3016","7.1957","7.3198","7.1347","1.49%"
"Jan 18, 2021","7.1942","7.1953","7.2136","7.1075","0.05%"
"Jan 15, 2021","7.1907","7.1138","7.2137","7.0870","1.10%"
"Jan 14, 2021","7.1127","7.2283","7.2502","7.0974","-1.57%"
"Jan 13, 2021","7.2262","7.2737","7.3232","7.1906","-0.66%"
"Jan 12, 2021","7.2739","7.4191","7.4698","7.2544","-1.95%"
"Jan 11, 2021","7.4189","7.3507","7.4524","7.3050","0.96%"
"Jan 08, 2021","7.3482","7.3394","7.3717","7.2467","0.14%"
"Jan 07, 2021","7.3377","7.2319","7.3513","7.2063","1.48%"
"Jan 06, 2021","7.2306","7.2025","7.2671","7.1385","0.43%"
"Jan 05, 2021","7.1998","7.1894","7.2744","7.1580","0.18%"
"Jan 04, 2021","7.1872","7.0976","7.1939","6.9739","1.23%"
"Jan 01, 2021","7.1000","7.1015","7.1069","7.1015","-0.02%"
"Dec 31, 2020","7.1011","7.0763","7.1090","7.0661","0.37%"
"Dec 30, 2020","7.0749","7.0347","7.1219","7.0071","0.59%"
"Dec 29, 2020","7.0334","7.0574","7.0962","6.9759","-0.31%"
"Dec 28, 2020","7.0555","7.0666","7.1463","6.9651","-0.17%"
"Dec 25, 2020","7.0673","7.0695","7.0901","7.0687","-0.01%"
"Dec 24, 2020","7.0678","7.0403","7.1055","7.0370","0.42%"
"Dec 23, 2020","7.0380","6.8952","7.0515","6.8811","2.10%"
"Dec 22, 2020","6.8934","6.8976","6.9201","6.8441","-0.04%"
"Dec 21, 2020","6.8960","6.8759","6.9419","6.7297","-0.03%"
"Dec 18, 2020","6.8982","6.8727","6.9299","6.8231","0.41%"
"Dec 17, 2020","6.8700","6.8682","6.9295","6.8562","0.04%"
"Dec 16, 2020","6.8672","6.8436","6.9380","6.8274","0.34%"
"Dec 15, 2020","6.8438","6.8203","6.8791","6.7976","0.36%"
"Dec 14, 2020","6.8194","6.7283","6.8344","6.7160","1.81%"
"Dec 11, 2020","6.6982","6.6821","6.7234","6.6200","0.26%"
"Dec 10, 2020","6.6805","6.9307","6.9365","6.6673","-3.56%"
"Dec 09, 2020","6.9268","6.8386","6.9459","6.8325","1.31%"
"Dec 08, 2020","6.8370","6.8221","6.8688","6.7428","0.24%"
"Dec 07, 2020","6.8204","6.9343","6.9343","6.7422","-1.55%"
"Dec 04, 2020","6.9277","6.9271","7.0038","6.8710","0.03%"
"Dec 03, 2020","6.9257","6.9714","7.0339","6.8970","-0.67%"
"Dec 02, 2020","6.9721","6.9887","7.0180","6.9385","-0.17%"
"Dec 01, 2020","6.9840","7.1051","7.1499","6.9818","-1.67%"
"Nov 30, 2020","7.1026","7.1151","7.2099","7.0420","-0.17%"
"Nov 27, 2020","7.1147","7.1280","7.1773","7.0786","-0.17%"
"Nov 26, 2020","7.1269","7.1217","7.1553","7.0730","0.04%"
"Nov 25, 2020","7.1242","7.1807","7.1938","7.0981","-0.77%"
"Nov 24, 2020","7.1797","7.2478","7.2808","7.1617","-0.92%"
"Nov 23, 2020","7.2464","7.1420","7.2573","7.1413","1.41%"
"Nov 20, 2020","7.1453","7.0361","7.1724","7.0163","1.56%"
"Nov 19, 2020","7.0355","7.1199","7.1328","7.0066","-1.13%"
"Nov 18, 2020","7.1160","7.0570","7.1289","7.0137","0.87%"
"Nov 17, 2020","7.0549","7.1458","7.1926","7.0511","-1.24%"
"Nov 16, 2020","7.1432","7.1927","7.2280","7.0768","-0.75%"
"Nov 13, 2020","7.1972","7.1603","7.2766","7.1550","0.55%"
"Nov 12, 2020","7.1578","7.1287","7.1979","7.0388","0.43%"
"Nov 11, 2020","7.1274","7.1856","7.2195","7.0920","-0.79%"
"Nov 10, 2020","7.1842","7.0900","7.1902","7.0701","1.35%"
"Nov 09, 2020","7.0888","7.0620","7.1290","6.8741","0.44%"
"Nov 06, 2020","7.0578","7.2631","7.3151","7.0409","-2.81%"
"Nov 05, 2020","7.2621","7.3573","7.4065","7.2516","-1.25%"
"Nov 04, 2020","7.3541","7.5180","7.5642","7.3334","-2.16%"
"Nov 03, 2020","7.5162","7.4191","7.5233","7.3472","1.35%"
"Nov 02, 2020","7.4164","7.4348","7.4394","7.3816","-0.24%"
"Oct 30, 2020","7.4341","7.4736","7.5212","7.4151","-0.48%"
"Oct 29, 2020","7.4699","7.4614","7.4981","7.4255","0.11%"
"Oct 28, 2020","7.4614","7.4444","7.4880","7.3899","0.26%"
"Oct 27, 2020","7.4417","7.3257","7.4539","7.3070","1.62%"
"Oct 26, 2020","7.3234","7.3321","7.3838","7.2998","-0.02%"
"Oct 23, 2020","7.3252","7.3151","7.3516","7.2744","0.17%"
"Oct 22, 2020","7.3128","7.3747","7.3781","7.2851","-0.80%"
"Oct 21, 2020","7.3716","7.2566","7.4005","7.2520","1.61%"
"Oct 20, 2020","7.2551","7.2648","7.2777","7.1775","-0.06%"
"Oct 19, 2020","7.2593","7.2968","7.3550","7.2297","-0.41%"
"Oct 16, 2020","7.2894","7.2512","7.3081","7.2193","0.57%"
"Oct 15, 2020","7.2481","7.2755","7.3001","7.2157","-0.37%"
"Oct 14, 2020","7.2747","7.2049","7.3051","7.1645","0.99%"
"Oct 13, 2020","7.2033","7.2285","7.3034","7.1929","-0.31%"
"Oct 12, 2020","7.2254","7.2066","7.2376","7.1936","0.11%"
"Oct 09, 2020","7.2173","7.2438","7.2654","7.1665","-0.31%"
"Oct 08, 2020","7.2398","7.2491","7.2909","7.2117","-0.09%"
"Oct 07, 2020","7.2466","7.2052","7.2768","7.1474","0.62%"
"Oct 06, 2020","7.2020","7.2362","7.2519","7.1133","-0.44%"
"Oct 05, 2020","7.2338","7.3504","7.3689","7.2017","-1.64%"
"Oct 02, 2020","7.3542","7.2769","7.3657","7.2450","1.11%"
"Oct 01, 2020","7.2735","7.2495","7.3190","7.1923","0.34%"
"Sep 30, 2020","7.2485","7.2485","7.3190","7.2123","0.03%"
"Sep 29, 2020","7.2464","7.2639","7.2968","7.2099","-0.24%"
"Sep 28, 2020","7.2639","7.0912","7.2941","7.0890","2.46%"
"Sep 25, 2020","7.0893","7.0273","7.1063","6.9945","0.94%"
"Sep 24, 2020","7.0233","7.1204","7.1659","7.0023","-1.32%"
"Sep 23, 2020","7.1171","6.9678","7.1260","6.9354","2.20%"
"Sep 22, 2020","6.9639","6.9369","6.9928","6.8836","0.40%"
"Sep 21, 2020","6.9363","6.9655","7.0633","6.8911","-0.30%"
"Sep 18, 2020","6.9573","6.7979","6.9783","6.7806","2.37%"
"Sep 17, 2020","6.7960","6.7924","6.8335","6.7469","0.08%"
"Sep 16, 2020","6.7907","6.8008","6.8545","6.7652","-0.09%"
"Sep 15, 2020","6.7971","6.7715","6.8249","6.7274","0.41%"
"Sep 14, 2020","6.7693","6.8060","6.8683","6.7628","-0.52%"
"Sep 11, 2020","6.8045","6.8122","6.8470","6.7307","-0.12%"
"Sep 10, 2020","6.8125","6.9021","6.9215","6.7751","-1.27%"
"Sep 09, 2020","6.9001","6.9613","6.9690","6.8573","-0.84%"
"Sep 08, 2020","6.9587","6.9798","7.0437","6.9011","-0.27%"
"Sep 07, 2020","6.9773","7.0349","7.0407","6.9641","-0.88%"
"Sep 04, 2020","7.0393","7.0292","7.0683","6.9427","0.18%"
"Sep 03, 2020","7.0270","7.1315","7.1350","7.0001","-1.44%"
"Sep 02, 2020","7.1296","7.2221","7.2481","7.1193","-1.25%"
"Sep 01, 2020","7.2198","7.3419","7.4058","7.1437","-1.66%"
"Aug 31, 2020","7.3415","7.1855","7.3526","7.1677","2.07%"
"Aug 28, 2020","7.1926","7.3531","7.4181","7.1891","-2.15%"
"Aug 27, 2020","7.3507","7.4064","7.4198","7.3258","-0.75%"
"Aug 26, 2020","7.4064","7.2450","7.4464","7.2303","2.24%"
"Aug 25, 2020","7.2438","7.3331","7.3745","7.2384","-1.15%"
"Aug 24, 2020","7.3283","7.3538","7.3864","7.2839","-0.35%"
"Aug 21, 2020","7.3538","7.3443","7.3791","7.2823","0.17%"
"Aug 20, 2020","7.3416","7.2787","7.4455","7.2604","0.86%"
"Aug 19, 2020","7.2792","7.2386","7.2867","7.1800","0.60%"
"Aug 18, 2020","7.2361","7.2172","7.3017","7.1528","0.25%"
"Aug 17, 2020","7.2179","7.0950","7.2276","7.0732","1.77%"
"Aug 14, 2020","7.0921","7.0152","7.1263","7.0043","1.12%"
"Aug 13, 2020","7.0135","7.0859","7.1287","6.9862","-0.99%"
"Aug 12, 2020","7.0837","7.0229","7.1609","6.9995","0.91%"
"Aug 11, 2020","7.0198","7.1643","7.1990","7.0205","-2.01%"
"Aug 10, 2020","7.1639","7.0931","7.1778","6.9980","0.94%"
"Aug 07, 2020","7.0975","7.0139","7.1002","6.9710","1.27%"
"Aug 06, 2020","7.0088","6.9394","7.0634","6.9377","1.04%"
"Aug 05, 2020","6.9365","6.9174","6.9820","6.8771","0.32%"
"Aug 04, 2020","6.9142","6.9577","6.9878","6.8923","-0.60%"
"Aug 03, 2020","6.9560","6.8375","6.9760","6.7910","1.78%"
"Jul 31, 2020","6.8346","6.7493","6.8737","6.7395","1.29%"
"Jul 30, 2020","6.7473","6.7190","6.7912","6.6926","0.45%"
"Jul 29, 2020","6.7174","6.6646","6.7329","6.6399","0.81%"
"Jul 28, 2020","6.6632","6.6336","6.7178","6.6047","0.55%"
"Jul 27, 2020","6.6269","6.6911","6.7380","6.6186","-0.99%"
"Jul 24, 2020","6.6934","6.6405","6.7027","6.6032","0.83%"
"Jul 23, 2020","6.6385","6.5186","6.6556","6.4934","1.90%"
"Jul 22, 2020","6.5145","6.5847","6.6068","6.4728","-1.02%"
"Jul 21, 2020","6.5815","6.7470","6.7772","6.5812","-2.43%"
"Jul 20, 2020","6.7456","6.7656","6.8105","6.7400","-0.30%"
"Jul 17, 2020","6.7661","6.6919","6.7779","6.6667","1.14%"
"Jul 16, 2020","6.6900","6.7596","6.7702","6.6617","-0.97%"
"Jul 15, 2020","6.7552","6.7387","6.7874","6.6838","0.30%"
"Jul 14, 2020","6.7350","6.7845","6.8334","6.6933","-0.72%"
"Jul 13, 2020","6.7836","6.7147","6.7909","6.6926","0.97%"
"Jul 10, 2020","6.7186","6.7352","6.7998","6.7079","-0.20%"
"Jul 09, 2020","6.7320","6.7390","6.7877","6.6379","-0.07%"
"Jul 08, 2020","6.7365","6.7467","6.7792","6.6716","-0.13%"
"Jul 07, 2020","6.7453","6.6895","6.7674","6.6467","0.87%"
"Jul 06, 2020","6.6874","6.6352","6.6964","6.5803","0.78%"
"Jul 03, 2020","6.6357","6.6824","6.7008","6.6173","-0.68%"
"Jul 02, 2020","6.6813","6.6353","6.7021","6.5855","0.76%"
"Jul 01, 2020","6.6308","6.7784","6.7864","6.6107","-2.16%"
"Jun 30, 2020","6.7774","6.6455","6.7996","6.6228","2.01%"
"Jun 29, 2020","6.6440","6.7694","6.7971","6.6255","-1.77%"
"Jun 26, 2020","6.7634","6.6532","6.7773","6.6366","1.72%"
"Jun 25, 2020","6.6491","6.6418","6.6786","6.5451","0.15%"
"Jun 24, 2020","6.6390","6.4528","6.6508","6.4229","2.89%"
"Jun 23, 2020","6.4525","6.5461","6.5739","6.4283","-1.41%"
"Jun 22, 2020","6.5450","6.5637","6.6056","6.4644","-0.25%"
"Jun 19, 2020","6.5617","6.6852","6.6991","6.5378","-1.80%"
"Jun 18, 2020","6.6817","6.5654","6.6937","6.5189","1.79%"
"Jun 17, 2020","6.5640","6.5960","6.6079","6.5066","-0.45%"
"Jun 16, 2020","6.5938","6.4988","6.6073","6.3870","1.48%"
"Jun 15, 2020","6.4977","6.3302","6.5609","6.2913","2.59%"
"Jun 12, 2020","6.3337","6.2706","6.4486","6.2428","1.02%"
"Jun 11, 2020","6.2698","6.3409","6.3446","6.2632","-1.09%"
"Jun 10, 2020","6.3387","6.2394","6.3454","6.1898","1.66%"
"Jun 09, 2020","6.2354","6.1370","6.2741","6.0851","1.62%"
"Jun 08, 2020","6.1358","6.2888","6.3134","6.1291","-2.28%"
"Jun 05, 2020","6.2789","6.4548","6.4958","6.2702","-2.61%"
"Jun 04, 2020","6.4469","6.3676","6.4777","6.3119","1.28%"
"Jun 03, 2020","6.3653","6.5282","6.5593","6.3194","-2.48%"
"Jun 02, 2020","6.5272","6.7069","6.7498","6.5233","-2.58%"
"Jun 01, 2020","6.6998","6.5844","6.7607","6.5756","1.71%"
"May 29, 2020","6.5869","6.6604","6.7590","6.5584","-1.06%"
"May 28, 2020","6.6573","6.4668","6.6676","6.4524","3.06%"
"May 27, 2020","6.4598","6.5927","6.6050","6.4520","-1.99%"
"May 26, 2020","6.5909","6.6396","6.7193","6.5813","-0.66%"
"May 25, 2020","6.6344","6.7400","6.7480","6.6235","-1.47%"
"May 22, 2020","6.7331","6.7881","6.8475","6.7214","-0.75%"
"May 21, 2020","6.7841","6.9686","6.9767","6.7802","-2.63%"
"May 20, 2020","6.9671","7.0527","7.0671","6.9392","-1.16%"
"May 19, 2020","7.0492","6.9751","7.0623","6.9522","1.13%"
"May 18, 2020","6.9707","7.0752","7.1188","6.9397","-1.65%"
"May 15, 2020","7.0874","7.1057","7.1444","7.0034","-0.25%"
"May 14, 2020","7.1051","7.2004","7.2847","7.0961","-1.28%"
"May 13, 2020","7.1970","7.2167","7.2650","7.1666","-0.25%"
"May 12, 2020","7.2152","7.1807","7.2300","7.0867","0.56%"
"May 11, 2020","7.1748","7.1122","7.2042","7.0458","0.89%"
"May 08, 2020","7.1116","7.2109","7.4208","7.0929","-1.33%"
"May 07, 2020","7.2073","7.0550","7.2480","7.0361","2.21%"
"May 06, 2020","7.0516","6.9390","7.0627","6.8953","1.67%"
"May 05, 2020","6.9355","6.9008","6.9721","6.8278","0.53%"
"May 04, 2020","6.8991","6.8571","6.9840","6.8053","0.59%"
"May 01, 2020","6.8586","6.9138","6.9157","6.8481","-0.71%"
"Apr 30, 2020","6.9077","6.6535","6.9120","6.6319","3.91%"
"Apr 29, 2020","6.6477","6.8362","6.8730","6.6507","-2.69%"
"Apr 28, 2020","6.8314","7.0293","7.0786","6.8087","-2.76%"
"Apr 27, 2020","7.0251","6.9161","7.1125","6.8859","1.61%"
"Apr 24, 2020","6.9140","6.8328","7.0997","6.8053","1.16%"
"Apr 23, 2020","6.8350","6.7319","6.8608","6.6632","1.55%"
"Apr 22, 2020","6.7308","6.5367","6.7383","6.5256","2.99%"
"Apr 21, 2020","6.5353","6.6133","6.6200","6.5113","-1.15%"
"Apr 20, 2020","6.6114","6.5398","6.6249","6.5117","1.02%"
"Apr 17, 2020","6.5449","6.5195","6.5975","6.4936","0.41%"
"Apr 16, 2020","6.5181","6.5552","6.5810","6.4989","-0.54%"
"Apr 15, 2020","6.5532","6.5144","6.5993","6.4468","0.57%"
"Apr 14, 2020","6.5161","6.5082","6.5757","6.4742","0.20%"
"Apr 13, 2020","6.5029","6.3651","6.5153","6.3582","2.27%"
"Apr 10, 2020","6.3584","6.3626","6.3782","6.3552","-0.04%"
"Apr 09, 2020","6.3608","6.3459","6.3979","6.2883","0.25%"
"Apr 08, 2020","6.3452","6.4446","6.5014","6.3257","-1.43%"
"Apr 07, 2020","6.4375","6.4598","6.5327","6.4002","-0.42%"
"Apr 06, 2020","6.4646","6.5613","6.5952","6.4149","-1.45%"
"Apr 03, 2020","6.5598","6.5113","6.5704","6.4454","0.70%"
"Apr 02, 2020","6.5145","6.4976","6.5493","6.4869","0.29%"
"Apr 01, 2020","6.4959","6.4697","6.5454","6.4180","0.51%"
"Mar 31, 2020","6.4631","6.4482","6.4783","6.3635","0.23%"
"Mar 30, 2020","6.4484","6.3424","6.4558","6.2820","1.51%"
"Mar 27, 2020","6.3522","6.1300","6.3791","6.0940","3.65%"
"Mar 26, 2020","6.1285","5.9865","6.1398","5.9287","2.47%"
"Mar 25, 2020","5.9808","5.9970","6.1074","5.8750","-0.22%"
"Mar 24, 2020","5.9941","5.9413","6.0645","5.9113","0.90%"
"Mar 23, 2020","5.9408","5.9048","5.9557","5.8042","0.80%"
"Mar 20, 2020","5.8935","5.8534","6.0538","5.7860","0.70%"
"Mar 19, 2020","5.8524","5.9323","6.0816","5.8400","-1.30%"
"Mar 18, 2020","5.9296","6.0384","6.1786","5.8880","-1.75%"
"Mar 17, 2020","6.0351","6.1356","6.1381","5.9970","-1.60%"
"Mar 16, 2020","6.1332","5.9702","6.2136","5.9542","2.83%"
"Mar 13, 2020","5.9642","6.0250","6.0499","5.7849","-0.97%"
"Mar 12, 2020","6.0228","6.1720","6.4097","5.9884","-2.40%"
"Mar 11, 2020","6.1710","5.9925","6.1912","5.9633","2.99%"
"Mar 10, 2020","5.9916","6.2034","6.2050","5.9785","-3.39%"
"Mar 09, 2020","6.2019","6.0371","6.2782","6.0297","2.74%"
"Mar 06, 2020","6.0367","5.9687","6.0785","5.9636","1.07%"
"Mar 05, 2020","5.9729","5.9018","6.0410","5.8961","1.23%"
"Mar 04, 2020","5.9005","5.7842","5.9035","5.7625","2.03%"
"Mar 03, 2020","5.7829","5.7058","5.7868","5.6989","1.37%"
"Mar 02, 2020","5.7048","5.7262","5.7621","5.7033","-0.52%"
"Feb 28, 2020","5.7348","5.7807","5.8091","5.7117","-0.78%"
"Feb 27, 2020","5.7799","5.7465","5.7991","5.7220","0.66%"
"Feb 26, 2020","5.7421","5.7072","5.7497","5.6681","0.63%"
"Feb 25, 2020","5.7059","5.6767","5.7132","5.6668","0.58%"
"Feb 24, 2020","5.6730","5.6905","5.6929","5.6549","-0.35%"
"Feb 21, 2020","5.6927","5.6606","5.7046","5.6575","0.61%"
"Feb 20, 2020","5.6581","5.6409","5.6679","5.6074","0.34%"
"Feb 19, 2020","5.6390","5.6619","5.6846","5.6328","-0.40%"
"Feb 18, 2020","5.6615","5.6284","5.6768","5.6136","0.60%"
"Feb 17, 2020","5.6277","5.6029","5.6343","5.5915","0.38%"
"Feb 14, 2020","5.6064","5.6773","5.6836","5.5939","-1.20%"
"Feb 13, 2020","5.6743","5.6446","5.7113","5.6085","0.54%"
"Feb 12, 2020","5.6438","5.6103","5.6457","5.6086","0.60%"
"Feb 11, 2020","5.6099","5.5859","5.6256","5.5574","0.45%"
"Feb 10, 2020","5.5846","5.5725","5.6019","5.5603","0.27%"
"Feb 07, 2020","5.5693","5.5373","5.5985","5.5329","0.60%"
"Feb 06, 2020","5.5360","5.5060","5.5395","5.4540","0.55%"
"Feb 05, 2020","5.5059","5.5441","5.5621","5.4987","-0.67%"
"Feb 04, 2020","5.5432","5.5205","5.5581","5.4967","0.44%"
"Feb 03, 2020","5.5189","5.6602","5.6602","5.5052","-2.35%"
"Jan 31, 2020","5.6518","5.5585","5.6634","5.5519","1.73%"
"Jan 30, 2020","5.5558","5.5082","5.5989","5.4900","0.87%"
"Jan 29, 2020","5.5079","5.4647","5.5093","5.4387","0.81%"
"Jan 28, 2020","5.4639","5.4943","5.4980","5.4447","-0.51%"
"Jan 27, 2020","5.4919","5.4675","5.5251","5.4608","0.44%"
"Jan 24, 2020","5.4676","5.4727","5.4944","5.4500","-0.08%"
"Jan 23, 2020","5.4719","5.4971","5.5019","5.4503","-0.44%"
"Jan 22, 2020","5.4959","5.4977","5.5191","5.4794","-0.01%"
"Jan 21, 2020","5.4966","5.4528","5.5050","5.4450","0.85%"
"Jan 20, 2020","5.4505","5.4114","5.4532","5.3994","0.69%"
"Jan 17, 2020","5.4134","5.4741","5.4904","5.4127","-1.07%"
"Jan 16, 2020","5.4719","5.4443","5.4894","5.4331","0.53%"
"Jan 15, 2020","5.4429","5.3811","5.4538","5.3668","1.19%"
"Jan 14, 2020","5.3790","5.3868","5.4072","5.3627","-0.11%"
"Jan 13, 2020","5.3848","5.3477","5.3884","5.3010","0.67%"
"Jan 10, 2020","5.3490","5.3478","5.3602","5.3079","0.04%"
"Jan 09, 2020","5.3469","5.3246","5.3491","5.2828","0.43%"
"Jan 08, 2020","5.3239","5.3391","5.3575","5.2929","-0.26%"
"Jan 07, 2020","5.3379","5.3488","5.3693","5.3231","-0.19%"
"Jan 06, 2020","5.3479","5.3179","5.3619","5.3132","0.49%"
"Jan 03, 2020","5.3219","5.2895","5.3246","5.2541","0.57%"
"Jan 02, 2020","5.2918","5.3278","5.3328","5.2775","-0.66%"
"Jan 01, 2020","5.3268","5.3302","5.3363","5.3206","-0.10%"
"Dec 31, 2019","5.3320","5.2722","5.3399","5.2681","1.17%"
"Dec 30, 2019","5.2702","5.2848","5.3164","5.2530","-0.37%"
"Dec 27, 2019","5.2900","5.2696","5.3244","5.2602","0.39%"
"Dec 26, 2019","5.2692","5.2930","5.3089","5.2467","-0.43%"
"Dec 25, 2019","5.2920","5.2869","5.3050","5.2765","0.12%"
"Dec 24, 2019","5.2854","5.2822","5.2973","5.2730","0.09%"
"Dec 23, 2019","5.2809","5.3306","5.3470","5.2432","-0.99%"
"Dec 20, 2019","5.3337","5.2945","5.3420","5.2853","0.77%"
"Dec 19, 2019","5.2931","5.3144","5.3418","5.2782","-0.37%"
"Dec 18, 2019","5.3128","5.3460","5.3488","5.2902","-0.61%"
"Dec 17, 2019","5.3452","5.4162","5.4201","5.3243","-1.29%"
"Dec 16, 2019","5.4153","5.4788","5.5146","5.4085","-1.07%"
"Dec 13, 2019","5.4739","5.3866","5.5293","5.3835","1.67%"
"Dec 12, 2019","5.3839","5.4449","5.4560","5.3365","-1.04%"
"Dec 11, 2019","5.4405","5.4562","5.4577","5.3993","-0.26%"
"Dec 10, 2019","5.4546","5.4478","5.4812","5.4399","0.19%"
"Dec 09, 2019","5.4441","5.4413","5.4722","5.4244","0.09%"
"Dec 06, 2019","5.4393","5.5075","5.5114","5.4300","-1.21%"
"Dec 05, 2019","5.5062","5.5143","5.5485","5.4965","-0.13%"
"Dec 04, 2019","5.5133","5.4655","5.5187","5.4592","0.89%"
"Dec 03, 2019","5.4648","5.4640","5.4907","5.4401","0.03%"
"Dec 02, 2019","5.4629","5.4727","5.4947","5.4458","-0.29%"
"Nov 29, 2019","5.4789","5.4103","5.4908","5.3953","1.28%"
"Nov 28, 2019","5.4097","5.5093","5.5229","5.4086","-1.80%"
"Nov 27, 2019","5.5090","5.4469","5.5106","5.4297","1.17%"
"Nov 26, 2019","5.4453","5.4522","5.4992","5.4317","-0.11%"
"Nov 25, 2019","5.4515","5.3927","5.4594","5.3882","1.26%"
"Nov 22, 2019","5.3837","5.4156","5.4216","5.3582","-0.57%"
"Nov 21, 2019","5.4144","5.4233","5.4627","5.4022","-0.13%"
"Nov 20, 2019","5.4214","5.4209","5.4261","5.4037","0.03%"
"Nov 19, 2019","5.4197","5.4640","5.4711","5.4169","-0.79%"
"Nov 18, 2019","5.4628","5.4154","5.4672","5.3966","0.94%"
"Nov 15, 2019","5.4120","5.4040","5.4212","5.3986","0.16%"
"Nov 14, 2019","5.4035","5.3594","5.4089","5.3451","0.84%"
"Nov 13, 2019","5.3583","5.3548","5.3816","5.3424","0.10%"
"Nov 12, 2019","5.3527","5.3370","5.3797","5.3157","0.30%"
"Nov 11, 2019","5.3365","5.3200","5.3723","5.3146","0.38%"
"Nov 08, 2019","5.3165","5.2540","5.3321","5.2466","1.19%"
"Nov 07, 2019","5.2538","5.2483","5.2610","5.1823","0.10%"
"Nov 06, 2019","5.2488","5.1458","5.2654","5.1196","2.03%"
"Nov 05, 2019","5.1444","5.1737","5.1899","5.1270","-0.54%"
"Nov 04, 2019","5.1724","5.1642","5.1779","5.1371","0.23%"
"Nov 01, 2019","5.1603","5.1998","5.2142","5.1392","-0.73%"
"Oct 31, 2019","5.1985","5.1513","5.2278","5.1380","0.94%"
"Oct 30, 2019","5.1501","5.1458","5.1901","5.1342","0.13%"
"Oct 29, 2019","5.1434","5.1344","5.1607","5.1100","0.22%"
"Oct 28, 2019","5.1322","5.1355","5.1476","5.1042","0.00%"
"Oct 25, 2019","5.1321","5.1939","5.1975","5.1230","-1.14%"
"Oct 24, 2019","5.1915","5.2148","5.2251","5.1302","-0.35%"
"Oct 23, 2019","5.2099","5.2543","5.2710","5.1982","-0.84%"
"Oct 22, 2019","5.2540","5.3517","5.3623","5.2425","-1.79%"
"Oct 21, 2019","5.3497","5.3158","5.3865","5.2938","0.30%"
"Oct 18, 2019","5.3335","5.3678","5.3785","5.3121","-0.60%"