Date,Month,Year,Price,Open,High,Low,Vol.,Change %
"Oct 18, 2021",October,2021,2855.2,2823,2855.2,2823,832.10K,0.98%
"Oct 15, 2021",October,2021,2827.4,2832.3,2834.4,2815.1,1.51M,0.15%
"Oct 14, 2021",October,2021,2823,2789.5,2826.7,2776.5,1.59M,2.59%
"Oct 13, 2021",October,2021,2751.6,2748.1,2760,2730.4,981.54K,0.83%
"Oct 12, 2021",October,2021,2729,2789.6,2790.1,2715.2,1.82M,-1.77%
"Oct 11, 2021",October,2021,2778.3,2785.8,2814.2,2777.2,890.47K,-0.62%
"Oct 08, 2021",October,2021,2795.7,2791.5,2806.6,2784.4,1.33M,0.40%
"Oct 07, 2021",October,2021,2784.5,2777.8,2800.8,2773,1.25M,1.21%
"Oct 06, 2021",October,2021,2751.3,2695,2755,2691,1.20M,1.13%
"Oct 05, 2021",October,2021,2720.5,2680.8,2744.5,2680.8,1.47M,1.77%
"Oct 04, 2021",October,2021,2673.2,2719.2,2719.2,2621,2.52M,-2.11%
"Oct 01, 2021",October,2021,2730.9,2688.9,2738.2,2681.5,1.77M,2.14%
"Sep 30, 2021",September,2021,2673.5,2685.2,2710.9,2671.1,1.90M,-0.50%
"Sep 29, 2021",September,2021,2687.1,2739.6,2743,2677.3,1.54M,-1.09%
"Sep 28, 2021",September,2021,2716.6,2773.1,2781.9,2707.2,2.24M,-3.72%
"Sep 27, 2021",September,2021,2821.4,2816.1,2838.8,2801.4,1.08M,-0.80%
"Sep 24, 2021",September,2021,2844.3,2810.8,2846.6,2804.8,1.15M,0.71%
"Sep 23, 2021",September,2021,2824.3,2819.8,2833.9,2808,1.04M,0.66%
"Sep 22, 2021",September,2021,2805.7,2786.1,2817.7,2771,1.25M,0.90%
"Sep 21, 2021",September,2021,2780.7,2795,2800.2,2765.6,1.26M,0.23%
"Sep 20, 2021",September,2021,2774.4,2763.2,2780,2726.4,2.26M,-1.48%
"Sep 17, 2021",September,2021,2816,2860.6,2869,2809.4,2.67M,-1.96%
"Sep 16, 2021",September,2021,2872.2,2879,2886,2848,1.28M,-0.57%
"Sep 15, 2021",September,2021,2888.6,2855.4,2889,2826.9,1.19M,1.32%
"Sep 14, 2021",September,2021,2850.9,2859.9,2867.3,2835,963.68K,0.15%
"Sep 13, 2021",September,2021,2846.6,2839,2859,2825,1.06M,1.03%
"Sep 10, 2021",September,2021,2817.5,2884.3,2894.4,2814.8,1.84M,-1.86%
"Sep 09, 2021",September,2021,2870.8,2876.8,2886.2,2863.6,760.70K,-0.10%
"Sep 08, 2021",September,2021,2873.8,2882,2888,2860,913.80K,-0.41%
"Sep 07, 2021",September,2021,2885.6,2876.7,2891.3,2872.4,1.00M,0.38%
"Sep 03, 2021",September,2021,2874.8,2861.6,2883.1,2848,992.72K,0.32%
"Sep 02, 2021",September,2021,2865.7,2904.3,2910.4,2863.7,1.61M,-1.33%
"Sep 01, 2021",September,2021,2904.3,2900,2925.1,2897.7,1.10M,0.36%
"Aug 31, 2021",August,2021,2893.9,2902.9,2903.4,2885.6,1.11M,0.07%
"Aug 30, 2021",August,2021,2891.8,2888,2919.4,2883.3,1.21M,0.41%
"Aug 27, 2021",August,2021,2880.1,2833.1,2890.3,2829.9,1.44M,1.81%
"Aug 26, 2021",August,2021,2828.8,2835,2848.4,2827.1,1.03M,-0.45%
"Aug 25, 2021",August,2021,2841.6,2832.5,2843.8,2827.5,789.15K,0.58%
"Aug 24, 2021",August,2021,2825.2,2812.2,2841.6,2806.8,960.76K,0.87%
"Aug 23, 2021",August,2021,2800.8,2759.4,2817.5,2752.1,1.42M,1.90%
"Aug 20, 2021",August,2021,2748.6,2720,2751.1,2705,1.56M,1.29%
"Aug 19, 2021",August,2021,2713.6,2688.7,2727.1,2685,1.08M,0.17%
"Aug 18, 2021",August,2021,2709,2730,2742.1,2706.4,955.99K,-0.89%
"Aug 17, 2021",August,2021,2733.2,2755,2765.3,2721.6,1.02M,-1.19%
"Aug 16, 2021",August,2021,2766.2,2750.5,2767.3,2706,1.12M,0.42%
"Aug 13, 2021",August,2021,2754.6,2745,2757.1,2740.7,797.37K,0.39%
"Aug 12, 2021",August,2021,2743.9,2719.5,2746,2708.5,823.88K,0.67%
"Aug 11, 2021",August,2021,2725.6,2743.6,2753.6,2725.4,764.98K,-0.38%
"Aug 10, 2021",August,2021,2736.1,2746,2755,2727.8,970.70K,-0.08%
"Aug 09, 2021",August,2021,2738.3,2720,2743.3,2706.8,888.30K,0.87%
"Aug 06, 2021",August,2021,2714.8,2720.8,2729.4,2704.2,1.02M,-0.38%
"Aug 05, 2021",August,2021,2725,2710,2726.9,2698.4,893.45K,0.83%
"Aug 04, 2021",August,2021,2702.5,2713,2713,2690,983.80K,-0.37%
"Aug 03, 2021",August,2021,2712.6,2703.9,2713.3,2668.3,1.04M,0.57%
"Aug 02, 2021",August,2021,2697.1,2705.8,2705.8,2677.1,1.08M,0.10%
"Jul 30, 2021",July,2021,2694.5,2700.7,2706.1,2685.1,1.28M,-0.78%
"Jul 29, 2021",July,2021,2715.6,2723.9,2732,2711.1,1.59M,-0.23%
"Jul 28, 2021",July,2021,2721.9,2731.5,2765,2706.7,4.76M,3.18%
"Jul 27, 2021",July,2021,2638,2686,2687.2,2603,2.74M,-1.59%
"Jul 26, 2021",July,2021,2680.7,2666.6,2684.2,2647.5,1.53M,0.77%
"Jul 23, 2021",July,2021,2660.3,2608.6,2668,2596,2.08M,3.58%
"Jul 22, 2021",July,2021,2568.4,2556.9,2569.7,2550,715.09K,0.68%
"Jul 21, 2021",July,2021,2551,2522.7,2551.9,2520.5,1.04M,1.06%
"Jul 20, 2021",July,2021,2524.2,2510.6,2540.9,2487,1.32M,1.31%
"Jul 19, 2021",July,2021,2491.6,2521.8,2524.1,2470.1,1.40M,-1.88%
"Jul 16, 2021",July,2021,2539.4,2553.3,2556.2,2523.1,1.02M,-0.03%
"Jul 15, 2021",July,2021,2540.1,2573.3,2573.3,2530.8,1.21M,-0.96%
"Jul 14, 2021",July,2021,2564.7,2565,2585.5,2559.2,1.19M,0.70%
"Jul 13, 2021",July,2021,2546.8,2540.8,2561.2,2534.2,962.35K,0.29%
"Jul 12, 2021",July,2021,2539.5,2522.1,2541.2,2512.3,883.39K,1.16%
"Jul 09, 2021",July,2021,2510.4,2500.5,2514.7,2491,931.58K,0.38%
"Jul 08, 2021",July,2021,2500.9,2483.5,2511.2,2483.5,1.19M,-1.13%
"Jul 07, 2021",July,2021,2529.5,2543.2,2543.2,2524.3,1.20M,0.23%
"Jul 06, 2021",July,2021,2523.8,2513.3,2528.6,2493.8,1.32M,0.74%
"Jul 02, 2021",July,2021,2505.2,2463,2508.1,2461.2,1.30M,2.30%
"Jul 01, 2021",July,2021,2448.9,2438.9,2451.2,2431.7,905.64K,0.29%
"Jun 30, 2021",June,2021,2441.8,2439.1,2443.7,2427.8,1.22M,-0.15%
"Jun 29, 2021",June,2021,2445.4,2455.7,2459.5,2435,1.16M,-0.22%
"Jun 28, 2021",June,2021,2450.7,2451,2455,2429,1.43M,0.02%
"Jun 25, 2021",June,2021,2450.2,2440,2452.7,2431.3,1.73M,0.01%
"Jun 24, 2021",June,2021,2450,2454.3,2459.5,2446.1,1.07M,0.31%
"Jun 23, 2021",June,2021,2442.5,2454.8,2460.6,2436.7,957.71K,-0.17%
"Jun 22, 2021",June,2021,2446.6,2432.4,2447.7,2421.8,1.12M,0.42%
"Jun 21, 2021",June,2021,2436.3,2410,2440,2398,1.37M,1.42%
"Jun 18, 2021",June,2021,2402.2,2427.3,2432.1,2400.3,2.31M,-1.34%
"Jun 17, 2021",June,2021,2434.9,2411.5,2450.4,2411.5,1.29M,0.80%
"Jun 16, 2021",June,2021,2415.4,2434.8,2436.5,2392.9,1.32M,-0.53%
"Jun 15, 2021",June,2021,2428.4,2448.9,2454,2424.2,1.08M,-0.84%
"Jun 14, 2021",June,2021,2448.9,2430,2448.9,2418.4,1.10M,0.77%
"Jun 11, 2021",June,2021,2430.2,2440,2441.7,2419,1.10M,-0.20%
"Jun 10, 2021",June,2021,2435.1,2411,2435.8,2409.9,1.30M,1.13%
"Jun 09, 2021",June,2021,2407.9,2410.7,2412.9,2397.3,897.05K,0.40%
"Jun 08, 2021",June,2021,2398.4,2413.7,2418.8,2394.8,1.21M,-0.16%
"Jun 07, 2021",June,2021,2402.3,2387,2404,2381,1.21M,0.36%
"Jun 04, 2021",June,2021,2393.6,2369.3,2399,2362.4,1.22M,1.96%
"Jun 03, 2021",June,2021,2347.6,2349.4,2356.9,2330.1,934.80K,-0.97%
"Jun 02, 2021",June,2021,2370.6,2387,2391.1,2352.4,1.06M,-0.44%
"Jun 01, 2021",June,2021,2381.2,2374.4,2385.7,2354.3,1.15M,1.03%
"May 28, 2021",May,2021,2356.9,2374.4,2376.1,2352.9,1.07M,-0.25%
"May 27, 2021",May,2021,2362.7,2385.6,2385.6,2362.7,1.76M,-0.74%
"May 26, 2021",May,2021,2380.3,2369.2,2388.4,2367.1,1.08M,0.74%
"May 25, 2021",May,2021,2362.9,2370.7,2383,2355.6,1.12M,0.08%
"May 24, 2021",May,2021,2361,2315,2365,2312.7,1.59M,2.92%
"May 21, 2021",May,2021,2294.1,2317.4,2318.9,2289.3,2.03M,-0.56%
"May 20, 2021",May,2021,2306.9,2287.6,2311.6,2285.5,1.62M,1.56%
"May 19, 2021",May,2021,2271.5,2232.6,2274.4,2228.6,1.18M,0.40%
"May 18, 2021",May,2021,2262.5,2301.9,2307.3,2262.5,1.11M,-1.16%
"May 17, 2021",May,2021,2288.9,2258.6,2289.7,2258.6,1.08M,0.46%
"May 14, 2021",May,2021,2278.4,2258.5,2284.7,2250,1.60M,2.21%
"May 13, 2021",May,2021,2229,2226.5,2238.9,2207.2,1.66M,1.31%
"May 12, 2021",May,2021,2200.3,2226.1,2248,2193.8,2.32M,-3.08%
"May 11, 2021",May,2021,2270.1,2240.1,2278.9,2237.8,1.71M,-0.95%
"May 10, 2021",May,2021,2291.8,2327.4,2327.4,2285.6,1.55M,-2.56%
"May 07, 2021",May,2021,2351.9,2363.9,2371.3,2346.2,1.44M,0.62%
"May 06, 2021",May,2021,2337.4,2310.5,2337.4,2297,1.26M,0.98%
"May 05, 2021",May,2021,2314.8,2328.6,2335,2308.3,1.33M,0.34%
"May 04, 2021",May,2021,2306.8,2313.6,2325,2256.7,2.24M,-1.55%
"May 03, 2021",May,2021,2343.1,2364.9,2381.6,2335.5,1.41M,-0.44%
"Apr 30, 2021",April,2021,2353.5,2368,2381.9,2346.6,2.24M,-1.64%
"Apr 29, 2021",April,2021,2392.8,2388.6,2404,2374.4,2.06M,1.43%
"Apr 28, 2021",April,2021,2359,2394.9,2429.2,2355.8,4.06M,2.97%
"Apr 27, 2021",April,2021,2291,2315.6,2315.6,2287.5,2.22M,-0.82%
"Apr 26, 2021",April,2021,2309.9,2300,2324.5,2297.8,1.60M,0.43%
"Apr 23, 2021",April,2021,2299.9,2267,2306.1,2261.3,1.46M,2.10%
"Apr 22, 2021",April,2021,2252.5,2277.4,2287.6,2242,1.21M,-1.13%
"Apr 21, 2021",April,2021,2278.4,2275.2,2279.6,2245,1.16M,-0.03%
"Apr 20, 2021",April,2021,2279,2296.7,2297.8,2259.5,1.11M,-0.47%
"Apr 19, 2021",April,2021,2289.8,2281.1,2304.1,2276.5,1.51M,0.31%
"Apr 16, 2021",April,2021,2282.8,2289.2,2294.2,2270.9,1.31M,-0.11%
"Apr 15, 2021",April,2021,2285.3,2262.2,2296,2251.2,1.46M,1.93%
"Apr 14, 2021",April,2021,2241.9,2265.8,2265.8,2236.6,1.05M,-0.56%
"Apr 13, 2021",April,2021,2254.4,2250.9,2263.4,2244.2,1.28M,0.44%
"Apr 12, 2021",April,2021,2244.6,2255.6,2256.1,2228,1.25M,-1.15%
"Apr 09, 2021",April,2021,2270.7,2245.4,2274,2237.3,1.31M,0.90%
"Apr 08, 2021",April,2021,2250.4,2264,2271.8,2243,1.43M,0.51%
"Apr 07, 2021",April,2021,2239,2213.6,2244,2213.6,1.21M,1.35%
"Apr 06, 2021",April,2021,2209.3,2209.9,2227.3,2202,1.76M,-0.44%
"Apr 05, 2021",April,2021,2219,2146.3,2227.8,2146.3,2.43M,4.19%
"Apr 01, 2021",April,2021,2129.8,2092.3,2135.8,2091.4,1.99M,3.26%
"Mar 31, 2021",March,2021,2062.5,2053.9,2086,2048.8,2.13M,0.78%
"Mar 30, 2021",March,2021,2046.5,2049.8,2062,2036.5,1.37M,0.03%
"Mar 29, 2021",March,2021,2045.8,2018.9,2048.6,2005.9,1.32M,1.04%
"Mar 26, 2021",March,2021,2024.7,2031.8,2039.4,2003.8,1.40M,-0.38%
"Mar 25, 2021",March,2021,2032.5,2028,2044.2,1997.9,1.78M,0.00%
"Mar 24, 2021",March,2021,2032.5,2053.1,2066.6,2030.2,1.26M,-0.43%
"Mar 23, 2021",March,2021,2041.3,2046.2,2063.6,2031.7,1.43M,0.52%
"Mar 22, 2021",March,2021,2030.7,2026,2048.3,2014,1.68M,0.18%
"Mar 19, 2021",March,2021,2027,2029.7,2037,2002.9,2.30M,0.28%
"Mar 18, 2021",March,2021,2021.3,2055,2065.8,2020,1.59M,-2.92%
"Mar 17, 2021",March,2021,2082.2,2078.1,2098.6,2044.4,1.32M,-0.08%
"Mar 16, 2021",March,2021,2083.9,2064.6,2112.8,2060.8,1.60M,1.43%
"Mar 15, 2021",March,2021,2054.4,2048,2054.7,2027.8,1.31M,0.22%
"Mar 12, 2021",March,2021,2050,2077.6,2077.6,2033.1,1.69M,-2.41%
"Mar 11, 2021",March,2021,2100.5,2061.3,2110.1,2058.8,1.39M,3.16%
"Mar 10, 2021",March,2021,2036.2,2058.4,2058.4,2020.4,1.36M,-0.20%
"Mar 09, 2021",March,2021,2040.4,2051.7,2062.8,2037.5,1.70M,1.64%
"Mar 08, 2021",March,2021,2007.5,2085.8,2111.5,2006.4,1.84M,-4.27%
"Mar 05, 2021",March,2021,2097.1,2061.1,2106.2,2027.8,2.65M,3.10%
"Mar 04, 2021",March,2021,2033.9,2012.5,2074.3,2007,2.46M,1.12%
"Mar 03, 2021",March,2021,2011.4,2056.4,2074.2,1995.7,1.69M,-2.57%
"Mar 02, 2021",March,2021,2064.5,2062.9,2094.7,2060.7,1.28M,-0.25%
"Mar 01, 2021",March,2021,2069.7,2053.9,2075.2,2036.1,1.30M,2.36%
"Feb 26, 2021",February,2021,2021.9,2029.9,2056.5,2001,2.00M,0.30%
"Feb 25, 2021",February,2021,2015.9,2073.4,2080,2006.5,2.08M,-3.26%
"Feb 24, 2021",February,2021,2083.8,2030,2088.3,2027.5,1.13M,1.15%
"Feb 23, 2021",February,2021,2060.1,2015,2071.4,1990.5,1.73M,0.29%
"Feb 22, 2021",February,2021,2054.3,2053.2,2079.7,2049.5,1.47M,-1.65%
"Feb 19, 2021",February,2021,2088.8,2107.8,2118.6,2083.4,1.90M,-0.81%
"Feb 18, 2021",February,2021,2105.8,2102.7,2121.3,2094,1.13M,-0.60%
"Feb 17, 2021",February,2021,2118.6,2089.3,2122,2089.3,1.02M,0.38%
"Feb 16, 2021",February,2021,2110.7,2098.2,2145.1,2098.2,1.55M,0.75%
"Feb 12, 2021",February,2021,2095,2079.8,2099.5,2073.6,949.53K,0.30%
"Feb 11, 2021",February,2021,2088.8,2091.5,2091.5,2069.3,1.02M,0.11%
"Feb 10, 2021",February,2021,2086.5,2089.3,2097.6,2053.4,1.26M,0.53%
"Feb 09, 2021",February,2021,2075.4,2073.6,2096.7,2070.2,1.09M,-0.44%
"Feb 08, 2021",February,2021,2084.5,2098.6,2113.8,2064,1.44M,-0.21%
"Feb 05, 2021",February,2021,2088.8,2059.6,2095.9,2050,1.49M,1.71%
"Feb 04, 2021",February,2021,2053.6,2058.5,2069.2,2035.8,2.43M,-0.25%
"Feb 03, 2021",February,2021,2058.9,2065.3,2105.7,2018.3,4.89M,7.28%
"Feb 02, 2021",February,2021,1919.1,1917.3,1948.2,1906.8,3.32M,1.38%
"Feb 01, 2021",February,2021,1893.1,1846.8,1915,1846.3,2.01M,3.60%
"Jan 29, 2021",January,2021,1827.4,1834,1847.5,1801.6,2.23M,-1.39%
"Jan 28, 2021",January,2021,1853.2,1831.9,1886.7,1831.9,2.76M,1.88%
"Jan 27, 2021",January,2021,1818.9,1878.8,1879.9,1797.7,4.13M,-4.67%
"Jan 26, 2021",January,2021,1907.9,1891.9,1915.2,1877.2,1.57M,0.72%
"Jan 25, 2021",January,2021,1894.3,1914.8,1920.7,1861.4,2.53M,0.09%
"Jan 22, 2021",January,2021,1892.6,1891.5,1904.4,1876.5,1.64M,0.45%
"Jan 21, 2021",January,2021,1884.2,1893.7,1932.1,1879.4,2.93M,0.22%
"Jan 20, 2021",January,2021,1880.1,1826.4,1899.7,1819.5,3.21M,5.36%
"Jan 19, 2021",January,2021,1784.5,1742.3,1803,1733.1,2.08M,3.29%
"Jan 15, 2021",January,2021,1727.6,1729,1747.6,1711.7,1.57M,-0.19%
"Jan 14, 2021",January,2021,1730.9,1748.9,1766.9,1726.5,1.46M,-0.93%
"Jan 13, 2021",January,2021,1747.3,1731,1755.3,1729.9,1.17M,0.57%
"Jan 12, 2021",January,2021,1737.4,1752.8,1765.8,1716.8,1.48M,-1.07%
"Jan 11, 2021",January,2021,1756.3,1776.4,1783.6,1752.1,1.74M,-2.31%
"Jan 08, 2021",January,2021,1797.8,1777.2,1799.4,1761.2,1.77M,1.32%
"Jan 07, 2021",January,2021,1774.3,1730.9,1777.2,1728.4,2.10M,2.99%
"Jan 06, 2021",January,2021,1722.9,1699.4,1740,1698,2.33M,-0.99%
"Jan 05, 2021",January,2021,1740.1,1724.2,1746.8,1721.3,1.02M,0.81%
"Jan 04, 2021",January,2021,1726.1,1760.8,1760.8,1707.9,1.87M,-1.51%
"Dec 31, 2020",December,2020,1752.6,1737.3,1757.5,1736.1,1.05M,0.94%
"Dec 30, 2020",December,2020,1736.3,1762.2,1766,1728,1.05M,-1.22%
"Dec 29, 2020",December,2020,1757.8,1786.8,1786.8,1755.3,986.29K,-0.91%
"Dec 28, 2020",December,2020,1774,1743.1,1786.8,1742.7,1.38M,2.30%
"Dec 24, 2020",December,2020,1734.2,1729,1742.4,1724.3,465.64K,0.34%
"Dec 23, 2020",December,2020,1728.2,1723.9,1744.1,1721.2,1.13M,0.47%
"Dec 22, 2020",December,2020,1720.2,1724.9,1732.3,1706.9,1.02M,-0.83%
"Dec 21, 2020",December,2020,1734.6,1709,1737,1695.1,1.70M,0.48%
"Dec 18, 2020",December,2020,1726.2,1746.2,1748.4,1715,4.26M,-0.82%
"Dec 17, 2020",December,2020,1740.5,1763.8,1766,1731.4,1.74M,-0.95%
"Dec 16, 2020",December,2020,1757.2,1769.1,1769.1,1749.1,1.21M,-0.22%
"Dec 15, 2020",December,2020,1761.1,1764,1764,1742.3,1.07M,0.50%
"Dec 14, 2020",December,2020,1752.3,1772.1,1789.5,1749.6,1.65M,-1.27%
"Dec 11, 2020",December,2020,1774.8,1760,1777.3,1752.7,931.43K,0.40%
"Dec 10, 2020",December,2020,1767.7,1761,1774.3,1734.4,1.43M,-0.57%
"Dec 09, 2020",December,2020,1777.9,1810.4,1828,1762.7,1.59M,-1.85%
"Dec 08, 2020",December,2020,1811.3,1806.8,1815,1792,996.77K,-0.31%
"Dec 07, 2020",December,2020,1817,1816,1829.3,1803.5,1.11M,-0.37%
"Dec 04, 2020",December,2020,1823.8,1820.2,1829.5,1813.6,1.03M,0.11%
"Dec 03, 2020",December,2020,1821.8,1822.1,1843.1,1818.5,1.24M,-0.17%
"Dec 02, 2020",December,2020,1825,1795.2,1832.5,1786.4,1.47M,1.65%
"Dec 01, 2020",December,2020,1795.4,1766.7,1821.7,1763,1.86M,2.33%
"Nov 30, 2020",November,2020,1754.4,1775,1780,1748,1.62M,-1.83%
"Nov 27, 2020",November,2020,1787,1764.5,1797,1764.5,739.51K,1.30%
"Nov 25, 2020",November,2020,1764.1,1767.8,1770.4,1748.4,979.96K,0.01%
"Nov 24, 2020",November,2020,1763.9,1726.9,1765.9,1720.9,1.40M,2.10%
"Nov 23, 2020",November,2020,1727.6,1743.2,1743.2,1710.6,1.13M,-0.51%
"Nov 20, 2020",November,2020,1736.4,1762,1768.4,1735,1.39M,-1.26%
"Nov 19, 2020",November,2020,1758.6,1733.1,1763,1731.1,1.01M,1.03%
"Nov 18, 2020",November,2020,1740.6,1757.4,1764.3,1740,1.01M,-1.19%
"Nov 17, 2020",November,2020,1761.7,1766.7,1776,1760,1.07M,-0.70%
"Nov 16, 2020",November,2020,1774,1767.4,1794.1,1762.2,1.27M,0.10%
"Nov 13, 2020",November,2020,1772.3,1748,1777.1,1736,1.49M,1.69%
"Nov 12, 2020",November,2020,1742.8,1742,1764.4,1738.6,1.32M,-0.25%
"Nov 11, 2020",November,2020,1747.2,1746.6,1762,1743.5,1.59M,0.55%
"Nov 10, 2020",November,2020,1737.7,1729.5,1758,1717,2.15M,-1.35%
"Nov 09, 2020",November,2020,1761.4,1797.5,1816.9,1758.4,2.67M,0.10%
"Nov 06, 2020",November,2020,1759.7,1751.3,1768.5,1736.7,1.43M,-0.16%
"Nov 05, 2020",November,2020,1762.5,1769.7,1791.7,1748,1.99M,0.95%
"Nov 04, 2020",November,2020,1745.8,1705.6,1770,1703,3.57M,6.09%
"Nov 03, 2020",November,2020,1645.7,1630.8,1659,1612.1,1.57M,1.31%
"Nov 02, 2020",November,2020,1624.3,1623.5,1658.2,1614.2,2.21M,0.51%
"Oct 30, 2020",October,2020,1616.1,1667.4,1681.3,1601.6,5.00M,3.80%
"Oct 29, 2020",October,2020,1556.9,1517,1588.7,1516.6,2.77M,3.05%
"Oct 28, 2020",October,2020,1510.8,1550.5,1553.4,1510,2.26M,-5.51%
"Oct 27, 2020",October,2020,1598.9,1590,1601.8,1577.8,1.30M,0.92%
"Oct 26, 2020",October,2020,1584.3,1614.3,1629.4,1568.7,1.79M,-2.98%
"Oct 23, 2020",October,2020,1633,1615.1,1634.1,1611.9,1.53M,1.64%
"Oct 22, 2020",October,2020,1606.7,1583,1613.4,1578.7,1.53M,1.30%
"Oct 21, 2020",October,2020,1586,1571.6,1614.9,1568.7,3.02M,2.25%
"Oct 20, 2020",October,2020,1551.1,1525.1,1572.1,1520.9,2.09M,1.38%
"Oct 19, 2020",October,2020,1529.9,1575.2,1583.3,1524.8,1.49M,-2.41%
"Oct 16, 2020",October,2020,1567.7,1561.8,1577.7,1557.7,1.71M,0.79%
"Oct 15, 2020",October,2020,1555.5,1545.9,1570.8,1545.9,1.56M,-0.51%
"Oct 14, 2020",October,2020,1563.4,1571.6,1583,1546.5,1.66M,-0.23%
"Oct 13, 2020",October,2020,1567.1,1579,1584.4,1559.6,1.95M,0.16%
"Oct 12, 2020",October,2020,1564.6,1538.5,1588.3,1530.7,2.77M,3.58%
"Oct 09, 2020",October,2020,1510.4,1492.9,1511.8,1487,1.65M,1.82%
"Oct 08, 2020",October,2020,1483.4,1465.6,1488,1465.6,1.30M,1.66%
"Oct 07, 2020",October,2020,1459.1,1465.4,1466.7,1433.5,1.81M,0.56%
"Oct 06, 2020",October,2020,1451,1475.3,1484,1446.8,1.30M,-2.15%
"Oct 05, 2020",October,2020,1482.8,1462.7,1484.7,1460.1,1.08M,1.87%
"Oct 02, 2020",October,2020,1455.6,1459.6,1479,1447.3,1.56M,-2.17%
"Oct 01, 2020",October,2020,1487.9,1484.6,1495,1478.2,1.64M,1.52%
"Sep 30, 2020",September,2020,1465.6,1462.2,1486,1455.8,2.05M,-0.03%
"Sep 29, 2020",September,2020,1466,1462.9,1471,1454.1,1.59M,0.50%
"Sep 28, 2020",September,2020,1458.7,1472.3,1472.3,1446.7,1.54M,1.36%
"Sep 25, 2020",September,2020,1439.1,1425.1,1445.9,1407.7,1.52M,1.14%
"Sep 24, 2020",September,2020,1422.9,1405,1436.9,1403.5,1.73M,0.96%
"Sep 23, 2020",September,2020,1409.4,1452.1,1452.1,1403,1.89M,-3.45%
"Sep 22, 2020",September,2020,1459.8,1450.3,1463.8,1429.9,1.70M,2.08%
"Sep 21, 2020",September,2020,1430.1,1430.8,1439.2,1403,2.85M,-1.44%
"Sep 18, 2020",September,2020,1451.1,1488.3,1495.2,1431.6,3.15M,-2.42%
"Sep 17, 2020",September,2020,1487,1484.2,1498,1463,2.00M,-1.66%
"Sep 16, 2020",September,2020,1512.1,1544.1,1554,1511.6,1.11M,-1.50%
"Sep 15, 2020",September,2020,1535.1,1526,1550.4,1522.5,1.15M,1.74%
"Sep 14, 2020",September,2020,1508.8,1532.7,1557,1505.1,2.13M,-0.46%
"Sep 11, 2020",September,2020,1515.8,1528.2,1538.7,1493,1.54M,-0.67%
"Sep 10, 2020",September,2020,1526.1,1551.1,1572.8,1520.4,1.65M,-1.37%
"Sep 09, 2020",September,2020,1547.2,1551.1,1557.4,1526.2,1.96M,1.55%
"Sep 08, 2020",September,2020,1523.6,1522.7,1555.6,1517.6,2.70M,-3.64%
"Sep 04, 2020",September,2020,1581.2,1609,1635,1538,2.79M,-2.96%
"Sep 03, 2020",September,2020,1629.5,1698.3,1698.3,1608.5,3.19M,-5.12%
"Sep 02, 2020",September,2020,1717.4,1667.6,1725.7,1660.5,2.48M,3.76%
"Sep 01, 2020",September,2020,1655.1,1632.2,1659.2,1629.5,1.12M,1.57%
"Aug 31, 2020",August,2020,1629.5,1636.2,1644.4,1626.9,1.32M,-0.60%
"Aug 28, 2020",August,2020,1639.4,1629.5,1641.3,1625.6,1.12M,0.67%
"Aug 27, 2020",August,2020,1628.5,1648,1648,1621,1.57M,-0.95%
"Aug 26, 2020",August,2020,1644.1,1606,1651.8,1601.5,2.61M,2.38%
"Aug 25, 2020",August,2020,1605.8,1579.8,1608.6,1579.8,1.26M,1.31%
"Aug 24, 2020",August,2020,1585.2,1591.8,1608.5,1576.3,1.28M,0.61%
"Aug 21, 2020",August,2020,1575.6,1571.8,1591.9,1562.3,1.74M,-0.04%
"Aug 20, 2020",August,2020,1576.3,1539.6,1580.1,1535.6,1.32M,2.05%
"Aug 19, 2020",August,2020,1544.6,1552.6,1568.7,1540.6,1.52M,-0.72%
"Aug 18, 2020",August,2020,1555.8,1525.6,1557.2,1522,1.42M,2.61%
"Aug 17, 2020",August,2020,1516.2,1507.2,1523.2,1506.6,999.93K,0.77%
"Aug 14, 2020",August,2020,1504.6,1513.6,1519.8,1499,1.10M,-0.79%
"Aug 13, 2020",August,2020,1516.7,1508.9,1536.4,1508.9,1.12M,0.62%
"Aug 12, 2020",August,2020,1507.2,1487.3,1511.2,1485.6,1.13M,1.80%
"Aug 11, 2020",August,2020,1480.5,1493.3,1510.4,1478.3,1.55M,-1.09%
"Aug 10, 2020",August,2020,1496.8,1491.3,1506.6,1477.8,1.03M,-0.10%
"Aug 07, 2020",August,2020,1498.4,1509,1520.1,1486.3,1.39M,-0.44%
"Aug 06, 2020",August,2020,1504.9,1479.1,1506.1,1472,1.67M,1.75%
"Aug 05, 2020",August,2020,1479.1,1474.6,1490,1471.3,1.46M,0.39%
"Aug 04, 2020",August,2020,1473.3,1484.9,1492.1,1464.4,1.86M,-0.64%
"Aug 03, 2020",August,2020,1482.8,1492.9,1497.1,1472,2.28M,-0.35%
"Jul 31, 2020",July,2020,1487.9,1497.1,1505,1454,4.58M,-3.28%
"Jul 30, 2020",July,2020,1538.4,1497.8,1540.7,1496.2,1.80M,0.98%
"Jul 29, 2020",July,2020,1523.5,1505,1533.3,1503,1.13M,1.32%
"Jul 28, 2020",July,2020,1503.7,1524.5,1525.8,1500.6,1.55M,-1.69%
"Jul 27, 2020",July,2020,1529.4,1515.7,1537,1512.8,1.36M,1.41%
"Jul 24, 2020",July,2020,1508.2,1499.2,1515.4,1487.6,1.50M,-0.56%
"Jul 23, 2020",July,2020,1516.8,1566.4,1568.3,1509.6,1.70M,-3.07%
"Jul 22, 2020",July,2020,1564.8,1558.5,1566.4,1544.5,1.22M,0.57%
"Jul 21, 2020",July,2020,1555.9,1580,1580,1552.6,1.38M,-0.51%
"Jul 20, 2020",July,2020,1563.8,1515,1569,1502.7,1.51M,3.10%
"Jul 17, 2020",July,2020,1516.8,1516.9,1523.4,1498.1,1.71M,0.13%
"Jul 16, 2020",July,2020,1514.9,1501.2,1515.3,1488.3,1.32M,-0.13%
"Jul 15, 2020",July,2020,1516.9,1525.4,1535,1498.1,1.55M,-0.26%
"Jul 14, 2020",July,2020,1520.9,1488.7,1522.7,1487,1.91M,0.57%
"Jul 13, 2020",July,2020,1512.2,1554.7,1576.2,1507.6,2.15M,-1.74%
"Jul 10, 2020",July,2020,1539,1513.3,1541.3,1500.7,1.80M,1.34%
"Jul 09, 2020",July,2020,1518.7,1512.2,1528.8,1495.7,2.09M,1.00%
"Jul 08, 2020",July,2020,1503.6,1498.5,1510.6,1492.3,1.59M,0.92%
"Jul 07, 2020",July,2020,1489.9,1496.1,1521.3,1489.7,2.12M,-0.65%
"Jul 06, 2020",July,2020,1499.7,1488.3,1510,1478.5,2.24M,2.02%
"Jul 02, 2020",July,2020,1469.9,1451.8,1488.5,1451.1,2.86M,1.94%
"Jul 01, 2020",July,2020,1442,1419.2,1448.5,1414.2,2.11M,1.69%
"Jun 30, 2020",June,2020,1418.1,1395,1421,1387.2,2.01M,1.49%
"Jun 29, 2020",June,2020,1397.2,1361,1397.2,1351.7,2.25M,2.54%
"Jun 26, 2020",June,2020,1362.5,1433.1,1434.3,1355.5,4.88M,-5.45%
"Jun 25, 2020",June,2020,1441.1,1429.4,1442.3,1419.8,1.20M,0.59%
"Jun 24, 2020",June,2020,1432.7,1463,1475.4,1430.4,1.58M,-2.14%
"Jun 23, 2020",June,2020,1464,1456,1475,1445,1.89M,0.92%
"Jun 22, 2020",June,2020,1450.7,1424.3,1450.8,1419.3,1.47M,1.83%
"Jun 19, 2020",June,2020,1424.6,1438,1444.3,1420.7,2.64M,-0.66%
"Jun 18, 2020",June,2020,1434.1,1449.8,1452.5,1426.5,1.74M,-1.27%
"Jun 17, 2020",June,2020,1452.5,1453,1462,1435.7,1.53M,0.42%
"Jun 16, 2020",June,2020,1446.5,1446.6,1457.2,1429.1,1.53M,1.81%
"Jun 15, 2020",June,2020,1420.7,1388.8,1424.7,1387.9,1.53M,0.55%
"Jun 12, 2020",June,2020,1412.9,1425.9,1434.5,1385.8,1.83M,0.79%
"Jun 11, 2020",June,2020,1401.9,1439.7,1450.9,1398.6,2.36M,-4.29%
"Jun 10, 2020",June,2020,1464.7,1464.7,1472.8,1454.4,1.59M,0.87%
"Jun 09, 2020",June,2020,1452.1,1443,1467.2,1443,1.68M,0.28%
"Jun 08, 2020",June,2020,1448,1428.7,1448.8,1424.6,1.69M,0.56%
"Jun 05, 2020",June,2020,1440,1415.6,1446.3,1407.6,2.13M,1.82%
"Jun 04, 2020",June,2020,1414.3,1433.6,1440.5,1406.1,1.35M,-1.73%
"Jun 03, 2020",June,2020,1439.3,1442.3,1449,1431.9,1.39M,-0.21%
"Jun 02, 2020",June,2020,1442.3,1432.4,1442.9,1421.7,1.17M,0.52%
"Jun 01, 2020",June,2020,1434.9,1425,1440.5,1422.3,1.26M,0.09%
"May 29, 2020",May,2020,1433.5,1420.4,1436.7,1416,1.85M,1.08%
"May 28, 2020",May,2020,1418.2,1400.3,1444.3,1400.3,1.76M,-0.14%
"May 27, 2020",May,2020,1420.3,1419.4,1425.3,1394.7,1.58M,-0.08%
"May 26, 2020",May,2020,1421.4,1440.8,1445,1420.6,2.23M,0.58%
"May 22, 2020",May,2020,1413.2,1403.9,1417,1395.9,1.43M,0.46%
"May 21, 2020",May,2020,1406.8,1405.6,1416,1394.8,1.54M,-0.17%
"May 20, 2020",May,2020,1409.2,1388.4,1411.4,1387.9,1.91M,2.53%
"May 19, 2020",May,2020,1374.4,1383.3,1392.3,1374.3,1.58M,-0.78%
"May 18, 2020",May,2020,1385.2,1363,1392.7,1354.8,2.36M,0.88%
"May 15, 2020",May,2020,1373.1,1350.4,1374.3,1339,2.08M,1.19%
"May 14, 2020",May,2020,1356.9,1333.5,1357.3,1323.6,1.83M,0.63%
"May 13, 2020",May,2020,1348.3,1379.1,1384.9,1328.6,2.02M,-1.95%
"May 12, 2020",May,2020,1375.2,1408.2,1414.3,1374.5,1.70M,-2.02%
"May 11, 2020",May,2020,1403.6,1376.8,1415.5,1375.5,1.64M,1.39%
"May 08, 2020",May,2020,1384.3,1381.8,1396.6,1372,1.67M,1.10%
"May 07, 2020",May,2020,1369.3,1361.3,1376,1352.5,1.54M,1.77%
"May 06, 2020",May,2020,1345.4,1358,1368.7,1345.1,1.59M,-0.27%
"May 05, 2020",May,2020,1349,1337.5,1371,1335,1.98M,1.97%
"May 04, 2020",May,2020,1322.9,1308.1,1324.5,1296,1.54M,0.42%
"May 01, 2020",May,2020,1317.3,1324.1,1351.4,1309.7,2.44M,-2.18%
"Apr 30, 2020",April,2020,1346.7,1331.4,1350,1321.5,2.79M,0.34%
"Apr 29, 2020",April,2020,1342.2,1345,1360.2,1326.7,5.42M,8.89%
"Apr 28, 2020",April,2020,1232.6,1283.2,1284.8,1230.4,4.04M,-3.01%
"Apr 27, 2020",April,2020,1270.9,1292,1294.1,1265.1,2.21M,-0.45%
"Apr 24, 2020",April,2020,1276.6,1255,1277.7,1244,1.87M,0.43%
"Apr 23, 2020",April,2020,1271.2,1265.7,1288.2,1260.5,1.71M,1.01%
"Apr 22, 2020",April,2020,1258.4,1241.1,1279.9,1237.2,2.32M,3.82%
"Apr 21, 2020",April,2020,1212.2,1242.7,1250,1205,2.48M,-3.88%
"Apr 20, 2020",April,2020,1261.2,1269.9,1276.8,1256.4,1.76M,-1.40%
"Apr 17, 2020",April,2020,1279,1281.7,1290,1266,2.55M,1.72%
"Apr 16, 2020",April,2020,1257.4,1267.1,1273.4,1238.2,2.89M,0.01%
"Apr 15, 2020",April,2020,1257.3,1246.5,1275.1,1234,2.11M,-0.63%
"Apr 14, 2020",April,2020,1265.2,1240,1275.7,1228.5,3.17M,4.53%
"Apr 13, 2020",April,2020,1210.4,1201.5,1214.5,1182.3,1.94M,0.32%
"Apr 09, 2020",April,2020,1206.6,1218.2,1222,1192.4,2.70M,-0.04%
"Apr 08, 2020",April,2020,1207,1203.1,1214.9,1184,2.02M,2.07%
"Apr 07, 2020",April,2020,1182.6,1217,1220.8,1177.3,3.08M,-0.05%
"Apr 06, 2020",April,2020,1183.2,1133,1190.8,1125,3.17M,8.28%
"Apr 03, 2020",April,2020,1092.7,1114.7,1118.8,1075.1,2.57M,-2.18%
"Apr 02, 2020",April,2020,1117,1100,1122.8,1093.1,2.82M,1.35%
"Apr 01, 2020",April,2020,1102.1,1124,1129.4,1093.5,2.60M,-5.15%
"Mar 31, 2020",March,2020,1161.9,1148.7,1173.4,1136.7,3.26M,1.36%
"Mar 30, 2020",March,2020,1146.3,1132.6,1151,1098.5,2.94M,3.25%
"Mar 27, 2020",March,2020,1110.3,1125.6,1151,1104.8,3.14M,-4.53%
"Mar 26, 2020",March,2020,1162.9,1111.6,1171,1093.2,3.83M,5.56%
"Mar 25, 2020",March,2020,1101.6,1121.1,1146,1083.5,4.52M,-2.51%
"Mar 24, 2020",March,2020,1130,1102.7,1130,1088.1,3.62M,7.20%
"Mar 23, 2020",March,2020,1054.1,1056.4,1066.9,1008.9,4.18M,-1.32%
"Mar 20, 2020",March,2020,1068.2,1130.9,1138.5,1062.1,4.14M,-3.91%
"Mar 19, 2020",March,2020,1111.7,1089.6,1152.2,1057.3,3.70M,1.88%
"Mar 18, 2020",March,2020,1091.2,1053,1103.9,1037.1,4.65M,-2.40%
"Mar 17, 2020",March,2020,1118.1,1090.6,1126,1049.1,4.16M,4.20%
"Mar 16, 2020",March,2020,1073,1089.6,1145.5,1067.1,4.83M,-11.63%
"Mar 13, 2020",March,2020,1214.3,1175,1214.4,1112.3,3.97M,9.24%
"Mar 12, 2020",March,2020,1111.6,1122.6,1188.8,1108.5,4.72M,-8.20%
"Mar 11, 2020",March,2020,1210.9,1248.3,1256.9,1191.1,2.74M,-5.04%
"Mar 10, 2020",March,2020,1275.2,1254.4,1275.8,1214.5,2.74M,4.88%
"Mar 09, 2020",March,2020,1215.8,1205,1252.7,1198,3.46M,-6.17%
"Mar 06, 2020",March,2020,1295.7,1269.9,1302.8,1257.2,3.23M,-1.45%
"Mar 05, 2020",March,2020,1314.8,1345.6,1353.6,1301.6,2.72M,-4.84%
"Mar 04, 2020",March,2020,1381.6,1359,1382.8,1337,2.38M,3.28%
"Mar 03, 2020",March,2020,1337.7,1397.7,1408.2,1329.2,2.83M,-3.51%
"Mar 02, 2020",March,2020,1386.3,1351.4,1387.5,1325.2,2.77M,3.51%
"Feb 28, 2020",February,2020,1339.3,1274.3,1342.4,1268.2,4.01M,1.85%
"Feb 27, 2020",February,2020,1314.9,1359.1,1369.4,1314.2,3.11M,-5.43%
"Feb 26, 2020",February,2020,1390.5,1395,1413.7,1376.6,2.49M,0.30%
"Feb 25, 2020",February,2020,1386.3,1431,1436.8,1380.4,2.58M,-2.36%
"Feb 24, 2020",February,2020,1419.9,1423.1,1436.4,1406.8,2.48M,-4.29%
"Feb 21, 2020",February,2020,1483.5,1504.6,1510.9,1478.5,2.13M,-2.21%
"Feb 20, 2020",February,2020,1517,1519,1527.1,1504.3,1.30M,-0.52%
"Feb 19, 2020",February,2020,1524.9,1527.2,1530.7,1521,1.14M,0.36%
"Feb 18, 2020",February,2020,1519.4,1514.3,1530.6,1511,1.28M,0.05%
"Feb 14, 2020",February,2020,1518.7,1514.5,1520.1,1505.6,1.16M,0.35%
"Feb 13, 2020",February,2020,1513.4,1510,1525.9,1504,1.15M,-0.35%
"Feb 12, 2020",February,2020,1518.6,1515.9,1520.3,1508.7,1.55M,0.57%
"Feb 11, 2020",February,2020,1510.1,1513.3,1529.9,1505.4,1.74M,0.09%
"Feb 10, 2020",February,2020,1508.7,1477.2,1508.9,1475.2,1.92M,2.00%
"Feb 07, 2020",February,2020,1479.1,1467.4,1485.2,1465.4,1.42M,0.21%
"Feb 06, 2020",February,2020,1476,1452,1481.6,1450.5,1.89M,2.07%
"Feb 05, 2020",February,2020,1446.1,1463.6,1464.6,1429.7,1.82M,0.04%
"Feb 04, 2020",February,2020,1445.4,1454.5,1467.3,1422,4.79M,-2.51%
"Feb 03, 2020",February,2020,1482.6,1461.7,1486.3,1456.6,3.61M,3.48%
"Jan 31, 2020",January,2020,1432.8,1467.9,1469.7,1427.1,2.19M,-1.48%
"Jan 30, 2020",January,2020,1454.3,1438.1,1455.3,1435,1.36M,-0.17%
"Jan 29, 2020",January,2020,1456.7,1458.5,1464.1,1445.4,1.08M,0.43%
"Jan 28, 2020",January,2020,1450.5,1441.7,1454.8,1430.4,1.49M,1.31%
"Jan 27, 2020",January,2020,1431.7,1431.5,1436.6,1419.5,1.71M,-2.35%
"Jan 24, 2020",January,2020,1466.2,1492.8,1494.2,1463.2,1.49M,-1.25%
"Jan 23, 2020",January,2020,1484.7,1487.6,1493.5,1480.3,1.33M,0.04%
"Jan 22, 2020",January,2020,1484.2,1489.7,1500.6,1482.7,1.42M,0.13%
"Jan 21, 2020",January,2020,1482.3,1479,1489.9,1470.2,2.45M,0.18%
"Jan 17, 2020",January,2020,1479.5,1462.5,1480.6,1456.6,2.62M,2.02%
"Jan 16, 2020",January,2020,1450.2,1445.4,1450.7,1440,1.30M,0.76%
"Jan 15, 2020",January,2020,1439.2,1433,1440.8,1431.7,1.08M,0.60%
"Jan 14, 2020",January,2020,1430.6,1440,1442.6,1427.8,1.31M,-0.66%
"Jan 13, 2020",January,2020,1440,1435.3,1441.5,1425.4,1.54M,0.77%
"Jan 10, 2020",January,2020,1429,1429.5,1434.9,1419.6,1.31M,0.65%
"Jan 09, 2020",January,2020,1419.8,1421.9,1428.7,1410.2,1.66M,1.05%
"Jan 08, 2020",January,2020,1405,1394.8,1411.8,1392.6,1.77M,0.71%
"Jan 07, 2020",January,2020,1395.1,1400.5,1403.5,1391.6,1.73M,-0.19%
"Jan 06, 2020",January,2020,1397.8,1351.6,1398.3,1351,2.34M,2.67%
"Jan 03, 2020",January,2020,1361.5,1348,1373.8,1347.3,1.17M,-0.52%
"Jan 02, 2020",January,2020,1368.7,1348.4,1368.7,1346.5,1.36M,2.19%
"Dec 31, 2019",December,2019,1339.4,1335.8,1340.7,1332.1,976.06K,-0.02%
"Dec 30, 2019",December,2019,1339.7,1356.8,1357,1337.8,1.00M,-1.10%
"Dec 27, 2019",December,2019,1354.6,1364,1367.1,1353,1.16M,-0.57%
"Dec 26, 2019",December,2019,1362.5,1346.6,1363.2,1345.5,1.18M,1.34%
"Dec 24, 2019",December,2019,1344.4,1350.2,1352,1344.2,673.41K,-0.46%
"Dec 23, 2019",December,2019,1350.6,1358.7,1361.8,1348,996.97K,-0.04%
"Dec 20, 2019",December,2019,1351.2,1363.1,1364,1350.7,2.51M,-0.38%
"Dec 19, 2019",December,2019,1356.4,1351.9,1357.5,1348.8,1.52M,0.34%
"Dec 18, 2019",December,2019,1351.9,1357,1359.4,1350.5,1.17M,-0.22%
"Dec 17, 2019",December,2019,1354.9,1362.4,1364.3,1350.8,1.65M,-0.43%
"Dec 16, 2019",December,2019,1360.7,1355,1363.5,1350.6,1.41M,1.03%
"Dec 13, 2019",December,2019,1346.9,1347.9,1351.3,1341.7,1.66M,-0.12%
"Dec 12, 2019",December,2019,1348.5,1343.2,1354.6,1338.2,1.46M,0.32%
"Dec 11, 2019",December,2019,1344.3,1348.3,1349.9,1341.1,1.02M,0.10%
"Dec 10, 2019",December,2019,1342.9,1339.9,1348,1334,880.43K,-0.01%
"Dec 09, 2019",December,2019,1343,1338.9,1357.6,1336.1,1.56M,0.27%
"Dec 06, 2019",December,2019,1339.4,1332.8,1342.5,1331.2,1.65M,0.94%
"Dec 05, 2019",December,2019,1327,1327,1328,1314.3,1.22M,0.61%
"Dec 04, 2019",December,2019,1318.9,1306.1,1324.3,1303.1,1.78M,1.87%
"Dec 03, 2019",December,2019,1294.7,1278.7,1297.2,1277.1,1.48M,0.46%
"Dec 02, 2019",December,2019,1288.9,1302.6,1305.4,1280.4,1.33M,-1.17%
"Nov 29, 2019",November,2019,1304.1,1306.6,1309.9,1303.2,640.07K,-0.61%
"Nov 27, 2019",November,2019,1312.1,1315.4,1317.6,1309.5,940.54K,-0.07%
"Nov 26, 2019",November,2019,1313,1309.9,1314,1304,1.10M,0.56%
"Nov 25, 2019",November,2019,1305.6,1296.3,1310.4,1295.6,1.18M,0.93%
"Nov 22, 2019",November,2019,1293.7,1303,1306.9,1289.4,1.39M,-0.50%
"Nov 21, 2019",November,2019,1300.1,1299.3,1311.1,1290.8,1.28M,-0.13%
"Nov 20, 2019",November,2019,1301.9,1311.4,1313.2,1289.2,1.45M,-0.82%
"Nov 19, 2019",November,2019,1312.6,1326.6,1326.6,1311.8,1.09M,-0.55%
"Nov 18, 2019",November,2019,1319.8,1332.3,1333.9,1316.2,1.40M,-1.03%
"Nov 15, 2019",November,2019,1333.5,1315.1,1333.5,1311.9,1.96M,1.86%
"Nov 14, 2019",November,2019,1309.2,1295,1315.7,1293.9,1.45M,1.00%
"Nov 13, 2019",November,2019,1296.2,1293.2,1302.5,1292.2,936.09K,-0.08%
"Nov 12, 2019",November,2019,1297.2,1298.6,1309.3,1294.2,1.44M,-0.08%
"Nov 11, 2019",November,2019,1298.3,1304,1304.9,1295.9,861.86K,-0.82%
"Nov 08, 2019",November,2019,1309,1301.5,1317.1,1301.5,1.52M,0.16%
"Nov 07, 2019",November,2019,1306.9,1294.3,1322.7,1293.8,2.26M,1.23%
"Nov 06, 2019",November,2019,1291,1290.1,1293,1282.3,1.23M,-0.03%
"Nov 05, 2019",November,2019,1291.4,1291.2,1297.2,1289.4,1.26M,0.14%
"Nov 04, 2019",November,2019,1289.6,1276.1,1292.5,1276.1,1.53M,1.36%
"Nov 01, 2019",November,2019,1272.3,1265.8,1273,1259.7,1.44M,1.07%
"Oct 31, 2019",October,2019,1258.8,1260,1266.5,1249.5,1.60M,-0.15%
"Oct 30, 2019",October,2019,1260.7,1255.2,1268,1250.7,1.46M,0.00%
"Oct 29, 2019",October,2019,1260.7,1276,1280.8,1255.6,2.63M,-2.20%
"Oct 28, 2019",October,2019,1289,1275,1299.2,1272.3,3.27M,1.95%
"Oct 25, 2019",October,2019,1264.3,1252,1268,1249.2,1.36M,0.41%
"Oct 24, 2019",October,2019,1259.1,1259.1,1262.9,1252.3,1.14M,0.12%
"Oct 23, 2019",October,2019,1257.6,1240.2,1258,1240.2,1.18M,1.32%
"Oct 22, 2019",October,2019,1241.2,1244.5,1248.7,1239.8,1.28M,-0.25%
"Oct 21, 2019",October,2019,1244.3,1248.7,1253.5,1240,1.03M,-0.01%
"Oct 18, 2019",October,2019,1244.4,1254.7,1258.1,1240.1,1.58M,-0.67%
"Oct 17, 2019",October,2019,1252.8,1251.4,1263.8,1249.9,1.06M,0.79%
"Oct 16, 2019",October,2019,1243,1241.8,1254.2,1238.5,1.15M,0.06%
"Oct 15, 2019",October,2019,1242.2,1221.5,1247.1,1220.9,1.53M,2.01%
"Oct 14, 2019",October,2019,1217.8,1213.9,1225.9,1211.9,683.93K,0.17%
"Oct 11, 2019",October,2019,1215.7,1224,1228.8,1213.6,1.13M,0.52%
"Oct 10, 2019",October,2019,1209.5,1198.6,1215.6,1197.9,668.24K,0.59%
"Oct 09, 2019",October,2019,1202.4,1201.3,1208.5,1198.1,813.22K,1.03%
"Oct 08, 2019",October,2019,1190.1,1198.8,1206.9,1189.5,1.03M,-1.50%
"Oct 07, 2019",October,2019,1208.3,1207,1218.9,1204.4,879.02K,-0.22%
"Oct 04, 2019",October,2019,1211,1194.3,1212.5,1191,1.23M,1.81%
"Oct 03, 2019",October,2019,1189.4,1183.3,1191,1163.1,1.47M,0.98%
"Oct 02, 2019",October,2019,1177.9,1196.5,1198.8,1172.6,1.67M,-2.33%
"Oct 01, 2019",October,2019,1206,1222.5,1232.9,1205.6,1.28M,-1.24%
"Sep 30, 2019",September,2019,1221.1,1220.6,1227.4,1213.4,1.29M,-0.39%
"Sep 27, 2019",September,2019,1225.9,1242.8,1245,1215.2,1.72M,-1.32%
"Sep 26, 2019",September,2019,1242.3,1242.1,1244.7,1231.8,1.17M,-0.29%
"Sep 25, 2019",September,2019,1245.9,1216,1248,1209.2,1.36M,2.27%
"Sep 24, 2019",September,2019,1218.3,1240,1247.1,1210.6,1.84M,-1.33%
"Sep 23, 2019",September,2019,1234.7,1226.6,1239.7,1223.8,1.20M,0.39%
"Sep 20, 2019",September,2019,1229.8,1233.6,1242.8,1223.6,1.94M,-0.72%
"Sep 19, 2019",September,2019,1238.8,1232.3,1244.3,1232.3,847.00K,0.49%
"Sep 18, 2019",September,2019,1232.7,1230.2,1236.2,1216.5,892.79K,0.23%
"Sep 17, 2019",September,2019,1229.9,1231.6,1235,1223.3,1.05M,-0.14%
"Sep 16, 2019",September,2019,1231.6,1230.4,1239,1225.2,1.41M,-0.68%
"Sep 13, 2019",September,2019,1240,1232.1,1241.1,1227.1,1.18M,0.41%
"Sep 12, 2019",September,2019,1235,1223.5,1242.4,1222.6,1.58M,1.23%
"Sep 11, 2019",September,2019,1220,1203.9,1222.5,1202.3,1.18M,1.19%
"Sep 10, 2019",September,2019,1205.7,1196.1,1210,1196,1.40M,0.04%
"Sep 09, 2019",September,2019,1205.3,1207.1,1220.6,1193.2,1.59M,-0.09%
"Sep 06, 2019",September,2019,1206.3,1209.1,1212.9,1203.3,948.58K,-0.48%
"Sep 05, 2019",September,2019,1212.2,1193.7,1214,1192.7,1.32M,2.53%
"Sep 04, 2019",September,2019,1182.3,1179.4,1184.9,1171.5,1.07M,1.09%
"Sep 03, 2019",September,2019,1169.6,1181.8,1189.1,1163.7,1.30M,-1.76%
"Aug 30, 2019",August,2019,1190.5,1200.3,1200.3,1185.7,903.38K,-0.31%
"Aug 29, 2019",August,2019,1194.2,1186.4,1199.2,1185.3,982.10K,1.75%
"Aug 28, 2019",August,2019,1173.8,1164.9,1178.5,1160.3,840.83K,0.25%
"Aug 27, 2019",August,2019,1170.8,1183,1185,1164.6,1.17M,-0.03%
"Aug 26, 2019",August,2019,1171.2,1159.4,1171.9,1154.8,1.06M,1.53%
"Aug 23, 2019",August,2019,1153.6,1185.2,1195.7,1150,1.81M,-3.18%
"Aug 22, 2019",August,2019,1191.5,1193.8,1198.8,1178.9,867.92K,-0.01%
"Aug 21, 2019",August,2019,1191.6,1195.8,1200.6,1187.9,708.27K,0.68%
"Aug 20, 2019",August,2019,1183.5,1195.3,1198,1183.1,1.01M,-1.41%
"Aug 19, 2019",August,2019,1200.4,1191.8,1209.4,1190.4,1.22M,1.80%
"Aug 16, 2019",August,2019,1179.2,1180.8,1183.8,1173,1.27M,0.85%
"Aug 15, 2019",August,2019,1169.3,1168.4,1176.4,1163,1.43M,0.44%
"Aug 14, 2019",August,2019,1164.3,1176.1,1182.8,1161.1,1.77M,-2.71%
"Aug 13, 2019",August,2019,1196.7,1174.3,1205.4,1173,1.43M,1.89%
"Aug 12, 2019",August,2019,1174.5,1180,1185.6,1168.7,1.10M,-1.21%
"Aug 09, 2019",August,2019,1188.9,1200,1204.5,1184.9,1.02M,-1.43%
"Aug 08, 2019",August,2019,1206.2,1186.4,1206.3,1174,1.51M,2.58%
"Aug 07, 2019",August,2019,1175.9,1157.8,1179.9,1150.8,1.53M,0.41%
"Aug 06, 2019",August,2019,1171.1,1165.5,1181.4,1161.5,1.80M,1.41%
"Aug 05, 2019",August,2019,1154.8,1173,1176.9,1142.8,2.39M,-3.47%
"Aug 02, 2019",August,2019,1196.3,1203,1209.5,1190,1.75M,-1.28%
"Aug 01, 2019",August,2019,1211.8,1217.6,1236.3,1207,1.77M,-0.53%
"Jul 31, 2019",July,2019,1218.2,1224.9,1234.9,1208.2,2.00M,-0.80%
"Jul 30, 2019",July,2019,1228,1227,1236.9,1225.3,1.43M,-1.11%
"Jul 29, 2019",July,2019,1241.8,1242.5,1249,1230.2,2.07M,-0.27%
"Jul 26, 2019",July,2019,1245.2,1228,1268.4,1228,6.06M,9.62%
"Jul 25, 2019",July,2019,1135.9,1138.9,1143.6,1123.7,2.74M,-0.33%
"Jul 24, 2019",July,2019,1139.7,1132.6,1145.4,1128.5,1.36M,-0.72%
"Jul 23, 2019",July,2019,1148.1,1143.4,1148.9,1132.8,1.03M,0.78%
"Jul 22, 2019",July,2019,1139.2,1135.5,1140,1125.2,1.45M,0.68%
"Jul 19, 2019",July,2019,1131.6,1149.3,1151.6,1131.3,1.16M,-1.37%
"Jul 18, 2019",July,2019,1147.2,1142,1148.2,1132.9,1.27M,0.04%
"Jul 17, 2019",July,2019,1146.7,1150.9,1158.4,1146.6,976.89K,-0.58%
"Jul 16, 2019",July,2019,1153.5,1146.7,1158.6,1146.7,1.27M,0.26%
"Jul 15, 2019",July,2019,1150.5,1145.3,1150.7,1140,1.06M,0.45%
"Jul 12, 2019",July,2019,1145.3,1142.9,1147.5,1138.6,1.09M,0.11%
"Jul 11, 2019",July,2019,1144.1,1146.2,1153.2,1139.5,1.30M,0.28%
"Jul 10, 2019",July,2019,1140.9,1132.3,1142.3,1130.7,1.54M,1.48%
"Jul 09, 2019",July,2019,1124.3,1110.3,1127.9,1107.2,1.47M,0.67%
"Jul 08, 2019",July,2019,1116.8,1125.9,1127.2,1111.8,1.49M,-1.40%
"Jul 05, 2019",July,2019,1132.7,1119.4,1134.7,1117.5,1.49M,0.86%
"Jul 03, 2019",July,2019,1123,1118.5,1128,1114.8,1.01M,0.93%
"Jul 02, 2019",July,2019,1112.6,1104.8,1112.9,1099.7,1.03M,1.15%
"Jul 01, 2019",July,2019,1100,1101,1108.6,1095.3,1.46M,1.59%
"Jun 28, 2019",June,2019,1082.8,1077.2,1082.8,1073.8,1.68M,0.57%
"Jun 27, 2019",June,2019,1076.6,1086.8,1088.5,1075.8,1.20M,-0.34%
"Jun 26, 2019",June,2019,1080.3,1091,1095.1,1073.7,1.73M,-0.67%
"Jun 25, 2019",June,2019,1087.6,1115.1,1115.7,1084.6,1.58M,-2.61%
"Jun 24, 2019",June,2019,1116.7,1120,1123.6,1113.3,1.21M,-0.77%
"Jun 21, 2019",June,2019,1125.4,1109.9,1126.6,1109.7,2.54M,1.09%
"Jun 20, 2019",June,2019,1113.2,1121.7,1122.7,1107,1.20M,0.79%
"Jun 19, 2019",June,2019,1104.5,1107.2,1109.4,1096,1.34M,-0.07%
"Jun 18, 2019",June,2019,1105.2,1111.5,1118.8,1100.8,1.73M,1.04%
"Jun 17, 2019",June,2019,1093.9,1089.1,1101.3,1088,988.49K,0.70%
"Jun 14, 2019",June,2019,1086.3,1089.7,1094.8,1081.5,1.23M,-0.43%
"Jun 13, 2019",June,2019,1091,1084.7,1096.6,1082.6,1.04M,1.10%
"Jun 12, 2019",June,2019,1079.1,1079.9,1082.5,1069.6,1.18M,-0.18%
"Jun 11, 2019",June,2019,1081,1097,1104,1079.6,1.68M,-0.16%
"Jun 10, 2019",June,2019,1082.8,1077,1094.8,1075.3,1.43M,1.35%
"Jun 07, 2019",June,2019,1068.4,1054.3,1073.4,1051.2,2.19M,1.97%
"Jun 06, 2019",June,2019,1047.8,1046.2,1050,1035.5,1.45M,0.30%
"Jun 05, 2019",June,2019,1044.6,1055,1056.8,1033,2.35M,-0.93%
"Jun 04, 2019",June,2019,1054.5,1044.5,1058.4,1036,3.03M,1.52%
"Jun 03, 2019",June,2019,1038.7,1066.9,1067,1027,4.84M,-6.12%
"May 31, 2019",May,2019,1106.5,1105.6,1113.4,1103.3,1.58M,-1.33%
"May 30, 2019",May,2019,1121.4,1120.2,1126.8,1115.9,904.42K,0.13%
"May 29, 2019",May,2019,1119.9,1132.7,1135,1111.9,1.81M,-1.72%
"May 28, 2019",May,2019,1139.6,1141.5,1156.5,1138.7,1.05M,0.08%
"May 24, 2019",May,2019,1138.6,1152,1154.4,1136.7,927.65K,-0.59%
"May 23, 2019",May,2019,1145.3,1146.1,1150.1,1133.2,1.26M,-0.91%
"May 22, 2019",May,2019,1155.8,1151.3,1163.8,1151,941.28K,0.12%
"May 21, 2019",May,2019,1154.4,1154.5,1158,1143.3,1.03M,0.85%
"May 20, 2019",May,2019,1144.7,1153,1153,1138.1,1.53M,-2.06%
"May 17, 2019",May,2019,1168.8,1175.8,1186.3,1166.4,1.27M,-1.33%
"May 16, 2019",May,2019,1184.5,1171.8,1194.2,1168.4,1.77M,1.17%
"May 15, 2019",May,2019,1170.8,1122.6,1178.3,1121.4,2.97M,4.08%
"May 14, 2019",May,2019,1124.9,1142.3,1144.9,1123.5,2.02M,-1.03%
"May 13, 2019",May,2019,1136.6,1145.2,1152,1125.5,2.28M,-2.66%
"May 10, 2019",May,2019,1167.6,1168.8,1176.3,1146.4,1.58M,-0.03%
"May 09, 2019",May,2019,1168,1162.6,1174.1,1154.6,1.48M,-0.24%
"May 08, 2019",May,2019,1170.8,1177.3,1184.3,1167.6,1.28M,-0.69%
"May 07, 2019",May,2019,1178.9,1185.8,1194.8,1165,1.83M,-1.22%
"May 06, 2019",May,2019,1193.5,1172,1195.4,1171.2,1.59M,0.33%
"May 03, 2019",May,2019,1189.6,1177.4,1191.4,1173.6,2.08M,1.98%
"May 02, 2019",May,2019,1166.5,1172.6,1179.4,1158.3,2.25M,-0.58%
"May 01, 2019",May,2019,1173.3,1197.5,1199.3,1171.7,3.72M,-2.14%
"Apr 30, 2019",April,2019,1199,1190.6,1201,1183,6.66M,-7.50%
"Apr 29, 2019",April,2019,1296.2,1280.5,1297,1271.7,3.62M,1.47%
"Apr 26, 2019",April,2019,1277.4,1273.4,1278.9,1265,1.36M,0.80%
"Apr 25, 2019",April,2019,1267.3,1270.3,1272.8,1258,1.57M,0.58%
"Apr 24, 2019",April,2019,1260.1,1270.6,1274,1259.8,1.17M,-0.83%
"Apr 23, 2019",April,2019,1270.6,1256.6,1274.4,1252,1.59M,1.34%
"Apr 22, 2019",April,2019,1253.8,1236.7,1254.3,1233.4,954.42K,0.99%
"Apr 18, 2019",April,2019,1241.5,1245,1245.9,1239.4,1.24M,0.11%
"Apr 17, 2019",April,2019,1240.1,1237,1245.1,1232.9,1.52M,0.67%
"Apr 16, 2019",April,2019,1231.9,1230,1236,1225,1.13M,0.44%
"Apr 15, 2019",April,2019,1226.5,1224.1,1229.3,1214.6,1.19M,0.31%
"Apr 12, 2019",April,2019,1222.7,1215.6,1223.1,1213.3,1.22M,1.09%
"Apr 11, 2019",April,2019,1209.6,1208.9,1212.7,1204.5,849.95K,0.26%
"Apr 10, 2019",April,2019,1206.4,1205.1,1208.9,1200.7,775.46K,0.31%
"Apr 09, 2019",April,2019,1202.7,1201.9,1207.2,1198.4,983.84K,-0.46%
"Apr 08, 2019",April,2019,1208.3,1211.1,1213.9,1204.7,1.09M,-0.26%
"Apr 05, 2019",April,2019,1211.4,1219.3,1220.4,1210,1.00M,-0.66%
"Apr 04, 2019",April,2019,1219.4,1211.3,1220.6,1209,1.05M,0.71%
"Apr 03, 2019",April,2019,1210.8,1212.7,1220.6,1205.1,1.11M,0.44%
"Apr 02, 2019",April,2019,1205.5,1200.1,1205.8,1191.2,914.41K,0.55%
"Apr 01, 2019",April,2019,1199,1187.5,1200.2,1186.4,1.39M,1.88%
"Mar 29, 2019",March,2019,1176.9,1180.2,1184,1166.4,1.54M,0.39%
"Mar 28, 2019",March,2019,1172.3,1175.5,1177.3,1163.4,1.12M,-0.49%
"Mar 27, 2019",March,2019,1178,1191.9,1191.9,1164.2,1.47M,-0.99%
"Mar 26, 2019",March,2019,1189.8,1205.2,1207.7,1181.8,1.54M,-0.63%
"Mar 25, 2019",March,2019,1197.4,1199.6,1209.4,1190,1.38M,-0.85%
"Mar 22, 2019",March,2019,1207.7,1228.8,1233.6,1206,1.72M,-2.30%
"Mar 21, 2019",March,2019,1236.1,1220,1236.4,1216.6,1.41M,0.79%
"Mar 20, 2019",March,2019,1226.4,1201.4,1230,1199.6,2.08M,1.99%
"Mar 19, 2019",March,2019,1202.5,1191.7,1203.4,1189.5,1.49M,1.17%
"Mar 18, 2019",March,2019,1188.6,1189.7,1194.9,1181.5,1.22M,-0.15%
"Mar 15, 2019",March,2019,1190.3,1198,1201.7,1187,2.59M,-0.19%
"Mar 14, 2019",March,2019,1192.5,1199,1204.7,1191.2,1.37M,-0.54%
"Mar 13, 2019",March,2019,1199.1,1205.9,1207.1,1197.9,1.29M,0.15%
"Mar 12, 2019",March,2019,1197.3,1182.3,1205.7,1182.3,2.11M,1.53%
"Mar 11, 2019",March,2019,1179.3,1152,1179.9,1151.6,1.50M,2.55%
"Mar 08, 2019",March,2019,1150,1133.9,1153.4,1130.2,1.18M,-0.08%
"Mar 07, 2019",March,2019,1150.8,1160.5,1163.6,1141.7,1.50M,-1.21%
"Mar 06, 2019",March,2019,1164.9,1171.8,1174.7,1163.1,1.18M,-0.36%
"Mar 05, 2019",March,2019,1169.2,1156,1176.5,1153,2.00M,1.37%
"Mar 04, 2019",March,2019,1153.4,1154.6,1165.5,1138.3,1.77M,0.43%
"Mar 01, 2019",March,2019,1148.5,1131,1150,1131,1.70M,1.95%
"Feb 28, 2019",February,2019,1126.6,1119,1134,1118.4,1.37M,0.33%
"Feb 27, 2019",February,2019,1122.9,1114,1125.7,1108.6,1.10M,0.08%
"Feb 26, 2019",February,2019,1122,1114.4,1126.4,1106.7,1.75M,0.42%
"Feb 25, 2019",February,2019,1117.3,1121.9,1125.4,1114.1,1.31M,0.07%
"Feb 22, 2019",February,2019,1116.6,1109.7,1117.3,1100.5,1.47M,1.12%
"Feb 21, 2019",February,2019,1104.2,1118.8,1119.2,1098,1.66M,-1.46%
"Feb 20, 2019",February,2019,1120.6,1128.9,1130.9,1111.8,1.20M,-0.53%
"Feb 19, 2019",February,2019,1126.5,1116.6,1129.6,1116.6,1.10M,0.61%
"Feb 15, 2019",February,2019,1119.6,1139.3,1139.3,1116.7,1.39M,-0.85%
"Feb 14, 2019",February,2019,1129.2,1125,1136.1,1117.1,1.06M,0.05%
"Feb 13, 2019",February,2019,1128.6,1133,1142.8,1126,1.40M,0.09%
"Feb 12, 2019",February,2019,1127.6,1111,1132.9,1111,1.75M,2.31%
"Feb 11, 2019",February,2019,1102.1,1103.8,1113.4,1100,924.88K,-0.02%
"Feb 08, 2019",February,2019,1102.4,1094.9,1105.1,1094.2,1.09M,-0.32%
"Feb 07, 2019",February,2019,1105.9,1111.8,1112,1093.6,1.91M,-1.51%
"Feb 06, 2019",February,2019,1122.9,1149.3,1154,1118.4,2.41M,-2.52%
"Feb 05, 2019",February,2019,1151.9,1129.6,1152.8,1123.6,4.11M,0.92%
"Feb 04, 2019",February,2019,1141.4,1119,1142.3,1117.5,3.92M,2.04%
"Feb 01, 2019",February,2019,1118.6,1122.3,1134.4,1114.3,1.66M,-0.65%
"Jan 31, 2019",January,2019,1125.9,1112.2,1127.7,1105.3,2.01M,2.54%
"Jan 30, 2019",January,2019,1098,1077.4,1099.5,1076.6,1.47M,2.61%
"Jan 29, 2019",January,2019,1070.1,1081,1084.7,1066,985.25K,-0.91%
"Jan 28, 2019",January,2019,1079.9,1090.1,1093.4,1074.6,1.47M,-1.97%
"Jan 25, 2019",January,2019,1101.5,1094.2,1103.4,1091.8,1.16M,1.62%
"Jan 24, 2019",January,2019,1084,1082.5,1088,1070,1.46M,-0.04%
"Jan 23, 2019",January,2019,1084.4,1086.9,1092.9,1067.6,1.26M,0.54%
"Jan 22, 2019",January,2019,1078.6,1096,1099,1070.9,1.98M,-2.59%
"Jan 18, 2019",January,2019,1107.3,1108.6,1118,1099.3,2.24M,0.74%
"Jan 17, 2019",January,2019,1099.1,1088,1100.7,1083.3,1.24M,0.88%
"Jan 16, 2019",January,2019,1089.5,1090,1102.4,1088,1.91M,0.28%
"Jan 15, 2019",January,2019,1086.5,1058,1088.3,1054.4,1.88M,3.33%
"Jan 14, 2019",January,2019,1051.5,1053.3,1058.4,1048.6,1.42M,-1.22%
"Jan 11, 2019",January,2019,1064.5,1069.9,1073.4,1056.4,1.54M,-1.33%
"Jan 10, 2019",January,2019,1078.8,1074.9,1079.8,1064.7,1.33M,-0.26%
"Jan 09, 2019",January,2019,1081.7,1088,1091.6,1074.4,1.35M,-0.34%
"Jan 08, 2019",January,2019,1085.4,1086,1093.3,1068.3,1.77M,0.88%
"Jan 07, 2019",January,2019,1075.9,1081,1082.7,1062.6,2.37M,-0.20%
"Jan 04, 2019",January,2019,1078.1,1042.6,1080,1036.9,2.30M,5.13%
"Jan 03, 2019",January,2019,1025.5,1050.7,1066.3,1022.4,2.10M,-2.77%
"Jan 02, 2019",January,2019,1054.7,1027.2,1060.8,1025.3,1.59M,0.93%
"Dec 31, 2018",December,2018,1045,1057.8,1063,1033,1.66M,-0.16%
"Dec 28, 2018",December,2018,1046.7,1059.5,1064.2,1042,1.72M,-0.59%
"Dec 27, 2018",December,2018,1052.9,1026.2,1053.3,1007,2.30M,0.48%
"Dec 26, 2018",December,2018,1047.8,998,1048.4,992.6,2.32M,6.42%
"Dec 24, 2018",December,2018,984.7,984.3,1012.1,977.7,1.82M,-0.66%
"Dec 21, 2018",December,2018,991.3,1032,1037.7,981.2,5.23M,-3.16%
"Dec 20, 2018",December,2018,1023.6,1026,1047.4,1007.9,2.68M,-1.15%
"Dec 19, 2018",December,2018,1035.5,1047.3,1075.7,1019.4,2.91M,-0.76%
"Dec 18, 2018",December,2018,1043.4,1034,1059.7,1030.5,2.18M,1.73%
"Dec 17, 2018",December,2018,1025.7,1047,1062.4,1016.6,2.50M,-2.48%
"Dec 14, 2018",December,2018,1051.7,1060,1071.7,1049.4,1.82M,-2.03%
"Dec 13, 2018",December,2018,1073.5,1075.7,1088.4,1065,1.25M,-0.02%
"Dec 12, 2018",December,2018,1073.7,1077.1,1091.7,1072,1.45M,1.14%
"Dec 11, 2018",December,2018,1061.7,1066.9,1070.4,1050.1,1.69M,0.80%
"Dec 10, 2018",December,2018,1053.2,1042.9,1059.6,1033,1.68M,0.63%
"Dec 07, 2018",December,2018,1046.6,1072.2,1085,1039.4,2.13M,-2.92%
"Dec 06, 2018",December,2018,1078.1,1045,1079.4,1042.5,2.37M,1.47%
"Dec 04, 2018",December,2018,1062.5,1113,1114.2,1060.8,2.28M,-4.83%
"Dec 03, 2018",December,2018,1116.4,1132.2,1135,1111.7,2.88M,0.60%
"Nov 30, 2018",November,2018,1109.7,1095.6,1109.7,1083.2,2.98M,1.38%
"Nov 29, 2018",November,2018,1094.6,1083.5,1100.2,1082,1.55M,0.26%
"Nov 28, 2018",November,2018,1091.8,1057.5,1092.9,1042.9,2.30M,3.75%
"Nov 27, 2018",November,2018,1052.3,1051.3,1066.8,1045.5,1.65M,-0.35%
"Nov 26, 2018",November,2018,1055.9,1044,1057,1039.8,1.58M,2.51%
"Nov 23, 2018",November,2018,1030.1,1033.5,1043,1028.5,708.86K,-1.28%
"Nov 21, 2018",November,2018,1043.4,1045.3,1054.7,1039.4,1.49M,1.26%
"Nov 20, 2018",November,2018,1030.4,1007.3,1037.3,1002.2,2.72M,0.29%
"Nov 19, 2018",November,2018,1027.4,1063.4,1068,1022.9,2.28M,-3.82%
"Nov 16, 2018",November,2018,1068.3,1065.2,1072.4,1054.9,1.77M,-0.26%
"Nov 15, 2018",November,2018,1071.1,1051.5,1078.9,1041.3,2.08M,1.56%
"Nov 14, 2018",November,2018,1054.6,1060,1065.8,1041.1,1.73M,0.63%
"Nov 13, 2018",November,2018,1048,1054.8,1066.7,1040.4,1.29M,-0.13%
"Nov 12, 2018",November,2018,1049.4,1073.1,1074.1,1040.3,1.70M,-2.57%
"Nov 09, 2018",November,2018,1077,1084,1088.3,1064.3,1.74M,-1.61%
"Nov 08, 2018",November,2018,1094.6,1107.3,1108.2,1084.4,1.69M,-1.23%
"Nov 07, 2018",November,2018,1108.2,1083.5,1109.9,1080.6,2.17M,3.62%
"Nov 06, 2018",November,2018,1069.6,1055,1079.8,1053.6,1.43M,1.31%
"Nov 05, 2018",November,2018,1055.7,1072.5,1073.3,1034,2.27M,-1.47%
"Nov 02, 2018",November,2018,1071.5,1089,1098,1067.7,2.17M,-1.33%
"Nov 01, 2018",November,2018,1086,1091.4,1099.9,1077.8,2.01M,-0.42%
"Oct 31, 2018",October,2018,1090.6,1068.2,1108,1068.2,3.55M,3.91%
"Oct 30, 2018",October,2018,1049.5,1020,1050.9,1014,2.99M,1.43%
"Oct 29, 2018",October,2018,1034.7,1096.5,1108.8,1007.2,4.06M,-4.52%
"Oct 26, 2018",October,2018,1083.8,1048.3,1117,1042.2,5.32M,-1.80%
"Oct 25, 2018",October,2018,1103.6,1080.3,1117.8,1075.6,3.65M,4.40%
"Oct 24, 2018",October,2018,1057.1,1115,1116.6,1055.1,2.46M,-5.18%
"Oct 23, 2018",October,2018,1114.9,1091.3,1118,1079,1.88M,0.32%
"Oct 22, 2018",October,2018,1111.4,1112.5,1121.7,1100,1.36M,0.56%
"Oct 19, 2018",October,2018,1105.2,1103.7,1120.9,1097,2.06M,0.66%
"Oct 18, 2018",October,2018,1097.9,1130,1132.3,1086.3,2.31M,-2.63%